sample	population	voting_popluation	voting	PC1	PC2	PC3	PC4	PC5	PC6	PC7	PC8
HG02165	EAS	EAS	1.0	-186.82	-187.913	88.3387	-33.7405	9.94221	-6.35472	21.0267	43.2928
HG02166	EAS	EAS	1.0	-189.856	-193.597	94.5326	-40.4117	9.8065	-8.6537	19.5265	42.8851
HG02178	EAS	EAS	1.0	-185.593	-192.801	103.129	-38.173	7.23983	-5.91213	22.7967	51.8029
HG02179	EAS	EAS	1.0	-186.66	-190.855	92.3914	-36.5616	10.8351	-5.82148	17.8312	43.5452
HG02180	EAS	EAS	1.0	-191.5	-196.676	100.094	-41.6869	6.3861	-7.15213	18.6612	47.3941
HG02181	EAS	EAS	1.0	-185.601	-191.164	91.4741	-44.9261	8.93478	-8.47694	21.104	51.0061
HG02182	EAS	EAS	1.0	-188.346	-193.346	98.9282	-35.4031	10.4065	-10.9065	19.681	42.2882
HG02184	EAS	EAS	1.0	-189.428	-192.059	98.1869	-44.8979	10.599	-10.2009	18.4422	43.2416
HG02185	EAS	EAS	1.0	-188.8	-190.359	95.6819	-44.4039	6.80709	-11.1716	13.7275	38.3752
HG02186	EAS	EAS	1.0	-188.346	-189.875	96.4503	-40.3478	11.7738	-9.22303	24.4329	45.2536
HG02187	EAS	EAS	1.0	-188.327	-192.749	89.6894	-37.141	8.39504	-6.24406	22.6222	44.6165
HG02188	EAS	EAS	1.0	-189.014	-194.046	96.8608	-40.4624	6.6063	-8.6133	19.7026	45.4615
HG02189	EAS	EAS	1.0	-192.284	-195.582	92.3192	-36.5102	7.21406	-8.54495	18.2818	46.5546
HG02190	EAS	EAS	1.0	-187.38	-191.584	95.9095	-41.0982	10.0094	-9.294	19.1374	44.5063
HG02215	EUR	EUR	1.0	6.09508	200.652	-7.33517	-15.4499	15.4232	-44.8621	-98.5637	16.2143
HG02220	EUR	EUR	1.0	14.4025	198.993	-1.19592	-15.48	23.6122	-49.5999	-67.3098	8.07752
HG02221	EUR	EUR	1.0	19.6343	204.053	1.52001	-20.2077	37.8088	-56.3115	-74.0629	15.9663
HG02222	EUR	EUR	1.0	16.6173	199.267	1.89576	-17.1895	28.4081	-50.1471	-71.8426	16.9225
HG02223	EUR	EUR	1.0	17.808	203.124	-2.42958	-13.243	32.288	-53.0538	-69.2681	13.5962
HG02224	EUR	EUR	1.0	11.7244	206.209	-3.76981	-14.0133	28.8571	-55.3453	-66.2866	4.47243
HG02225	EUR	EUR	1.0	15.567	204.716	-2.67793	-12.2456	32.0079	-51.9358	-62.3136	8.87241
HG02229	EUR	EUR	1.0	14.1284	208.126	-3.84245	-11.2377	28.8273	-54.3909	-66.2614	11.9108
HG02230	EUR	EUR	1.0	14.0445	206.82	-0.198537	-13.3465	29.1858	-55.0136	-64.3011	11.9602
HG02231	EUR	EUR	1.0	12.861	204.395	-8.09748	-13.8829	30.5492	-54.1114	-69.3654	9.624
HG02232	EUR	EUR	1.0	25.332	203.027	3.5031	-15.2132	35.9986	-57.7951	-59.4165	7.86828
HG02233	EUR	EUR	1.0	24.7559	197.599	-1.45049	-15.5643	36.472	-53.4268	-53.6903	1.89352
HG02234	EUR	EUR	1.0	26.6654	201.001	3.59983	-17.4741	38.9896	-57.9323	-51.5394	3.14376
HG02235	EUR	EUR	1.0	18.2877	201.316	-1.45982	-15.0319	33.2776	-53.378	-61.2254	17.1937
HG02236	EUR	EUR	1.0	19.6892	202.775	-5.31008	-19.2873	26.3253	-55.0258	-67.0592	12.2045
HG02237	EUR	EUR	1.0	14.5877	199.639	-3.37792	-18.799	27.159	-55.2798	-59.9483	11.0223
HG02238	EUR	EUR	1.0	23.8955	201.495	-5.16866	-19.1926	38.9746	-59.4436	-65.8184	11.178
HG02239	EUR	EUR	1.0	24.1873	190.688	-1.74869	-9.72315	29.1166	-47.5219	-48.0247	5.48737
HG02240	EUR	EUR	1.0	23.6198	189.879	-4.4464	-12.3524	32.4941	-52.6528	-58.7048	8.75076
HG02250	EAS	EAS	1.0	-186.578	-189.328	94.9375	-40.3467	10.8261	-9.42843	21.8427	38.9329
HG02255	AFR	AFR	1.0	440.532	-190.753	-13.3425	-16.5946	99.3355	94.044	-43.797	-7.54034
HG02256	AFR	AFR	1.0	372.235	-136.025	-23.5803	-12.9737	83.9592	69.9507	-46.7354	-6.98472
HG02257	AFR	AFR	1.0	401.236	-161.158	-18.4251	-11.2086	93.3618	81.7345	-44.9488	-5.38348
HG02258	AFR	AFR	1.0	437.818	-180.04	-17.6895	-12.4367	96.0489	88.874	-45.2272	-7.86806
HG02259	AMR	AMR	1.0	-184.64	-122.882	-316.128	23.9986	10.2972	-6.00853	0.414635	-28.2871
HG02260	AMR	AMR	1.0	-150.892	-77.4972	-276.646	16.4386	14.2247	-16.6888	-3.60699	-18.4076
HG02261	AMR	AMR	1.0	-166.305	-99.1816	-295.832	20.7534	12.6737	-12.1422	-2.89075	-22.884
HG02271	AMR	AMR	1.0	-178.329	-122.893	-321.933	20.6647	9.65955	-5.0767	7.08582	-34.4924
HG02272	AMR	AMR	1.0	-193.692	-133.944	-339.245	21.4834	7.76122	-6.5011	-1.61289	-31.1683
HG02273	AMR	AMR	1.0	-190.561	-128.974	-332.403	22.1817	5.51021	-6.31915	0.81574	-36.435
HG02277	AMR	AMR	1.0	-127.468	-24.0513	-227.015	7.56149	16.4017	-18.3523	-17.5722	-7.04435
HG02278	AMR	AMR	1.0	-164.113	-104.108	-300.795	19.8063	15.4693	-11.223	-1.45132	-27.2364
HG02279	AMR	AMR	1.0	-148.291	-67.7777	-267.205	15.8512	16.7064	-14.5587	-8.50664	-15.5028
HG02280	AFR	AFR	1.0	439.953	-186.996	-16.4502	-13.731	97.5119	94.3541	-38.1173	-8.69377
HG02281	AFR	AFR	1.0	469.234	-205.811	-14.413	-15.7524	104.97	97.1905	-34.6244	-9.32366
HG02282	AFR	AFR	1.0	387.695	-136.893	-11.151	-15.6828	91.0027	76.3435	-55.0017	-5.43813
NA19773	EUR	EUR	0.7948736559773502	-49.0699	65.607	-115.421	2.12115	26.5369	-29.6709	-22.9675	-14.3273
NA19774	Unknown	AMR	0.5815418680619033	-56.1619	18.8464	-159.477	4.938	27.2267	-26.4371	-28.2323	-30.7501
NA19775	Unknown	SAS	0.5663983554946056	-52.6689	44.2331	-140.568	0.624965	27.6953	-29.4318	-26.256	-25.7421
NA19776	Unknown	SAS	0.6288010992620175	-30.5445	12.752	-150.247	-2.12028	31.3979	-16.4596	-18.4704	-26.7275
NA19777	Unknown	SAS	0.650438856982909	-35.306	21.5217	-141.331	4.99208	27.5703	-24.2139	-26.6167	-21.2971
NA19778	Unknown	SAS	0.6643270346815514	-20.3822	23.4895	-139.584	-3.99072	31.8953	-19.509	-19.7032	-23.4789
NA19779	EUR	EUR	1.0	-28.3859	80.7009	-99.9264	-4.38354	27.3372	-29.0741	-32.3539	-10.1543
NA19780	EUR	EUR	0.7994624844583983	-39.9022	65.7475	-128.4	-2.07827	25.3774	-34.3275	-33.0177	-25.0144
NA19781	EUR	EUR	0.8983983691917288	-31.6751	67.3442	-115.878	-3.579	29.2048	-29.812	-30.7364	-18.8756
NA19782	Unknown	SAS	0.6401290575696177	-46.6522	25.224	-145.549	-2.49974	21.9075	-21.2743	-22.8144	-24.1715
NA19783	AMR	AMR	1.0	-126.942	-47.3399	-237.003	15.7103	18.0613	-17.289	-11.1179	-50.239
NA19784	AMR	AMR	1.0	-79.6704	-5.91736	-183.92	3.40502	22.7207	-18.2821	-20.4822	-36.4663
NA19785	AMR	AMR	1.0	-100.325	-45.5729	-222.328	7.81812	19.0757	-13.2148	-12.6211	-39.3883
NA19786	AMR	AMR	1.0	-85.8916	-9.09204	-183.685	4.37695	22.6143	-18.4941	-14.5569	-28.7107
NA19787	AMR	AMR	1.0	-88.3274	-27.69	-194.869	6.7479	21.2386	-18.5225	-12.9248	-36.7373
NA19788	AMR	AMR	1.0	-93.1503	-32.2485	-203.779	9.89244	21.4426	-19.401	-10.3504	-38.5959
NA19789	Unknown	SAS	0.6610022361612993	-42.7604	25.0944	-136.789	-2.23586	19.8093	-22.1353	-21.5462	-27.3455
NA19790	AMR	AMR	0.9276875602728786	-68.1486	-0.668342	-169.691	2.74501	19.251	-25.2236	-13.8037	-32.7766
NA19794	EUR	EUR	1.0	-31.1135	86.3708	-101.185	-6.89388	28.4209	-37.9088	-35.6915	-19.1477
NA19795	Unknown	AMR	0.5717249684799136	-51.8058	18.8079	-158.478	1.25836	23.6346	-20.2593	-28.4334	-24.0916
NA19796	Unknown	SAS	0.4819336625492477	-50.8692	47.0052	-135.649	-2.23595	27.4454	-29.8483	-32.9166	-29.054
NA19818	AFR	AFR	1.0	345.723	-111.197	-15.5578	-12.052	79.4513	63.2669	-56.8708	-0.16331
NA19819	AFR	AFR	1.0	348.184	-107.059	-18.8069	-12.276	74.4746	60.5992	-54.8421	2.30991
NA19828	AFR	AFR	1.0	346.401	-110.033	-16.8079	-16.2885	76.6428	62.144	-50.9891	4.27506
NA19834	AFR	AFR	1.0	360.343	-114.818	-13.0514	-12.5375	81.4367	59.1407	-48.1325	3.84526
NA19835	AFR	AFR	1.0	397.033	-156.684	-10.2397	-17.3965	83.9143	65.7823	-41.7181	-9.07976
NA19836	AFR	AFR	1.0	379.109	-134.9	-9.92173	-14.9279	82.2203	63.9497	-51.1624	-0.505919
NA19900	AFR	AFR	1.0	394.991	-149.496	-11.0463	-15.0439	85.0804	77.4466	-41.7914	2.90021
NA19901	AFR	AFR	1.0	434.074	-184.366	-17.4431	-9.69895	92.9776	85.9378	-31.0815	-3.35695
NA19902	AFR	AFR	1.0	420.991	-168.669	-16.4059	-13.3671	92.039	80.9697	-34.4521	3.91382
NA19904	AFR	AFR	1.0	389.71	-144.663	-15.3065	-12.5143	83.6425	69.6702	-43.332	-3.68147
NA19908	AFR	AFR	1.0	424.957	-176.098	-16.9671	-13.0357	95.0833	79.0958	-42.0398	1.95503
NA19909	AFR	AFR	1.0	415.08	-170.164	-24.7274	-16.4652	92.0829	83.4595	-34.6397	-11.4833
NA19914	AFR	AFR	1.0	337.956	-93.367	-9.56064	-12.2995	83.8355	57.0837	-51.8656	-5.7869
NA19915	AFR	AFR	1.0	397.033	-145.092	-9.62268	-14.5356	86.5556	75.5112	-41.9535	-5.7369
NA19916	AFR	AFR	1.0	429.178	-179.271	-11.113	-11.2893	86.1279	79.4889	-47.735	-4.56494
NA19917	AFR	AFR	1.0	436.677	-181.603	-16.4918	-14.2499	94.4141	80.8597	-36.2484	-3.17256
NA19918	AFR	AFR	1.0	432.967	-179.057	-15.961	-12.0613	90.6686	83.1338	-43.6128	-1.41808
NA19919	AFR	AFR	1.0	423.498	-171.104	-18.5757	-14.55	97.1738	81.4598	-39.6577	1.19364
NA19920	AFR	AFR	1.0	435.017	-182.42	-13.9446	-21.9345	94.549	84.2308	-36.1977	-3.90839
NA19921	Unknown	AFR	0.4436275696667044	256.124	-76.9903	-36.6059	-8.00978	60.6999	38.1838	-46.4709	-6.63215
NA19922	AFR	AFR	1.0	336.038	-98.411	-16.8213	-11.4375	67.2827	48.3222	-52.9138	-0.972228
NA19923	Unknown	AFR	0.6555452623464296	297.969	-57.5563	-13.3828	-7.73868	67.3692	44.3607	-57.1605	-2.74737
NA19924	AFR	AFR	0.8023650532422302	319.36	-79.0129	-16.6086	-10.9366	67.6488	45.4813	-53.6382	-1.56798
NA19982	AFR	AFR	1.0	422.328	-173.604	-9.15762	-16.3542	89.5292	82.6138	-43.5236	-4.75054
NA19983	AFR	AFR	1.0	371.577	-127.809	-6.37035	-20.3911	83.1978	61.9123	-52.7047	-5.41335
NA19984	AFR	AFR	1.0	414.22	-164.558	-15.9699	-13.9891	88.5874	80.8207	-41.0194	-6.09539
NA19985	AFR	AFR	1.0	349.566	-105.268	-10.8509	-19.8117	73.2587	49.7265	-54.2355	-1.1646
NA20126	AFR	AFR	1.0	333.568	-100.712	-9.72299	-15.5667	67.4715	46.6989	-54.0233	4.77817
NA20127	AFR	AFR	1.0	437.527	-182.181	-13.9419	-18.5487	97.0527	86.404	-34.9196	-4.5053
HG02383	EAS	EAS	1.0	-188.875	-192.488	92.2699	-43.2977	7.11263	-2.47349	23.9383	44.1094
HG02384	EAS	EAS	1.0	-188.702	-194.624	98.566	-48.9679	6.28889	-7.23599	21.4262	51.9082
HG02385	EAS	EAS	1.0	-185.96	-194.412	98.6242	-44.246	13.3703	-7.09289	20.3952	46.8368
HG02386	EAS	EAS	1.0	-185.646	-187.117	96.3252	-38.9301	4.30116	-9.04546	18.5831	38.9008
HG02387	EAS	EAS	1.0	-189.526	-194.069	91.8051	-38.9628	10.6496	-13.7728	21.9589	41.5355
HG02388	EAS	EAS	1.0	-184.41	-194.42	99.0309	-40.2614	11.3424	-6.0269	23.5865	47.8224
HG02389	EAS	EAS	1.0	-191.952	-194.064	99.5434	-43.592	9.11005	-6.43412	24.3079	44.1489
HG02390	EAS	EAS	1.0	-188.22	-191.832	95.8328	-40.928	8.56508	-8.15578	18.4229	49.5467
HG02391	EAS	EAS	1.0	-189.179	-191.598	95.709	-45.5018	8.60835	-6.94425	22.0817	46.442
HG02392	EAS	EAS	1.0	-191.615	-193.311	97.2473	-38.5706	9.73273	-5.51558	19.47	45.6207
HG02394	EAS	EAS	1.0	-185.426	-188.328	94.4331	-37.0228	10.509	-8.90256	24.9236	43.468
HG02395	EAS	EAS	1.0	-188.63	-191.505	95.0072	-37.4712	14.0084	-9.66773	22.2568	51.5806
HG02396	EAS	EAS	1.0	-191.223	-194.543	96.0553	-45.235	9.09332	-8.04903	22.2507	50.0406
HG02397	EAS	EAS	1.0	-187.76	-189.214	97.1514	-35.348	11.3985	-8.04035	20.2688	40.9169
HG02398	EAS	EAS	1.0	-188.939	-188.282	98.4581	-37.923	9.2317	-5.06551	19.4358	38.1641
HG02399	EAS	EAS	1.0	-186.703	-193.313	99.7174	-35.9874	10.8949	-9.40029	23.5583	45.0225
HG02401	EAS	EAS	1.0	-187.791	-193.522	91.3845	-38.9375	10.2049	-5.80255	20.1185	44.0218
HG02402	EAS	EAS	1.0	-187.672	-191.837	97.0599	-42.9539	9.04918	-6.8908	18.0385	50.8801
HG02406	EAS	EAS	1.0	-190.419	-189.072	101.544	-43.1901	11.3171	-11.3622	17.2005	42.4098
HG02407	EAS	EAS	1.0	-185.911	-193.32	96.904	-37.6313	4.93059	-10.2115	19.4085	48.2503
HG02409	EAS	EAS	1.0	-191.462	-188.629	94.6256	-40.0696	9.02786	-7.04198	12.4486	41.2764
HG02419	AFR	AFR	1.0	448.343	-195.433	-11.9598	-18.5753	98.7935	92.3	-35.414	-2.17169
HG02420	Unknown	GME	0.37091625653348365	284.465	-40.4234	-4.9863	-19.263	67.8088	33.2996	-57.6175	4.09026
HG02427	AFR	AFR	1.0	444.2	-185.482	-9.15046	-16.9784	105.649	93.8218	-41.1844	-10.1529
HG02428	AFR	AFR	1.0	372.275	-120.06	-6.35255	-19.4042	88.5774	66.396	-49.747	2.35462
HG02429	AFR	AFR	1.0	443.822	-184.885	-10.8961	-17.0736	97.9021	84.8055	-36.6386	-8.31023
HG02433	AFR	AFR	1.0	422.723	-175.143	-9.55104	-18.2662	92.7804	94.9198	-42.4166	3.33268
HG02436	AFR	AFR	1.0	458.206	-197.503	-14.933	-15.0836	102.181	93.762	-34.5088	-5.53309
HG02442	AFR	AFR	1.0	472.295	-217.403	-14.4694	-16.5596	102.519	95.4489	-29.3589	0.745678
HG02445	AFR	AFR	1.0	405.861	-149.394	-10.9378	-13.2353	96.365	71.2418	-40.5881	-4.62311
HG02449	AFR	AFR	1.0	454.273	-200.136	-13.1251	-21.2775	104.705	96.9371	-40.9178	-2.72036
HG02450	AFR	AFR	1.0	449.555	-187.156	-12.875	-15.8169	95.7711	90.1202	-38.1074	-2.74836
HG02451	AFR	AFR	1.0	460.138	-196.193	-12.8354	-17.7612	102.431	95.9099	-38.4031	-1.78472
HG02470	AFR	AFR	1.0	453.721	-194.151	-11.4367	-13.4916	99.6221	92.5361	-36.1852	-4.20361
HG02471	AFR	AFR	1.0	447.677	-191.917	-14.0074	-15.791	95.995	86.6257	-39.1009	-3.74084
HG02478	AFR	AFR	1.0	414.82	-167.405	-13.756	-16.249	94.9449	80.4592	-39.6268	-4.94789
HG02479	AFR	AFR	1.0	439.437	-185.679	-11.2858	-16.3427	103.391	86.9434	-42.8068	-5.65396
HG02480	AFR	AFR	1.0	441.408	-191.901	-11.6086	-16.6012	99.1553	90.0819	-42.415	-6.02394
HG02484	AFR	AFR	1.0	437.201	-179.284	-8.60933	-15.9422	97.6023	91.999	-44.4582	0.843267
HG02485	AFR	AFR	1.0	359.728	-109.973	-10.9733	-18.6851	80.784	63.3686	-54.7239	-6.10745
HG02486	AFR	AFR	1.0	413.205	-153.378	-9.31371	-19.1454	90.6512	77.6072	-44.8586	-0.523568
HG02489	AFR	AFR	1.0	419.878	-169.498	-15.6572	-15.9668	96.208	85.2799	-45.02	-5.31611
HG02496	AFR	AFR	1.0	447.376	-192.276	-11.7566	-15.8434	100.231	93.2139	-41.1705	-9.447
HG02497	AFR	AFR	1.0	458.958	-199.99	-16.5199	-13.3041	100.739	97.0517	-28.0076	-5.05243
HG02508	AFR	AFR	1.0	442.669	-193.848	-10.0329	-18.2235	99.8164	89.5212	-35.4546	-2.82714
HG02511	AFR	AFR	1.0	453.289	-200.14	-9.71019	-13.8942	99.4566	85.9275	-30.2818	-9.55958
HG02512	EAS	EAS	1.0	-186.242	-188.485	95.1375	-39.342	7.64781	-6.6087	20.2602	42.7392
HG02513	EAS	EAS	1.0	-187.499	-188.275	101.166	-43.8014	5.78391	-9.67054	16.0688	45.9603
HG02514	EAS	EAS	1.0	-184.413	-186.56	100.795	-36.0083	6.14346	-8.35512	18.7341	39.4317
HG02521	EAS	EAS	1.0	-185.034	-186.434	90.5245	-39.9859	9.37955	-3.3091	20.8047	35.5529
HG02018	EAS	EAS	1.0	-187.413	-186.54	93.2746	-30.1854	9.46889	-9.0942	19.22	42.1195
HG02019	EAS	EAS	1.0	-187.678	-185.76	92.0458	-32.2321	9.38546	-9.24283	20.1547	42.6814
HG02020	EAS	EAS	1.0	-184.543	-188.212	93.0682	-33.248	6.73674	-4.86221	19.0293	40.3328
HG02021	EAS	EAS	1.0	-188.294	-190.571	92.3958	-42.4117	10.2119	-5.68838	20.3582	42.0406
HG02023	EAS	EAS	1.0	-183.494	-189.496	90.623	-37.885	6.94391	-7.27757	20.8483	45.1475
HG02024	EAS	EAS	1.0	-189.693	-190.638	93.4736	-43.4857	10.9247	-11.2778	13.7784	42.9824
HG02025	EAS	EAS	1.0	-190.732	-191.385	92.7768	-40.3842	8.75668	-9.08069	19.0391	44.2504
HG02026	EAS	EAS	1.0	-189.736	-192.285	93.0523	-44.9329	9.11888	-6.57289	14.6774	43.6492
HG02027	EAS	EAS	1.0	-189.92	-189.558	98.6602	-43.6114	9.45758	-9.35565	21.8064	34.622
HG02028	EAS	EAS	1.0	-186.254	-184.048	99.0752	-33.6696	9.91758	-11.2974	20.1629	41.6229
HG02029	EAS	EAS	1.0	-192.878	-198.404	94.6196	-48.4193	8.28035	-7.84705	18.9065	32.5092
HG02030	EAS	EAS	1.0	-188.821	-192.697	96.8929	-42.2468	9.83989	-7.51246	14.4119	39.4451
HG02031	EAS	EAS	1.0	-187.062	-190.917	96.2373	-37.3682	7.40359	-5.72054	17.0268	43.4313
HG02032	EAS	EAS	1.0	-190.268	-190.72	93.2177	-46.5434	9.15454	-8.59906	16.1315	34.1468
HG02035	EAS	EAS	1.0	-184.097	-184.512	92.9322	-41.9622	5.34829	-5.53437	21.2398	41.4639
HG02040	EAS	EAS	1.0	-187.649	-186.097	95.6533	-42.0096	5.13958	-6.02887	15.0778	38.8098
HG02046	EAS	EAS	1.0	-183.873	-186.565	95.6076	-33.4454	8.98805	-10.5283	18.2534	36.9589
HG02047	EAS	EAS	1.0	-186.071	-187.465	97.6064	-38.7763	10.7692	-6.74035	21.7423	42.4893
HG02048	EAS	EAS	1.0	-185.925	-184.736	94.8349	-40.8678	7.8694	-6.5359	16.7618	36.3007
HG02049	EAS	EAS	1.0	-183.717	-188.076	92.8755	-38.3921	5.28886	-4.85061	17.5682	36.2572
HG02050	EAS	EAS	1.0	-183.902	-188.843	93.5802	-41.7257	10.1348	-6.26362	17.3454	42.2773
HG02051	AFR	AFR	1.0	472.768	-214.989	-12.761	-17.8916	101.257	94.1618	-38.3632	-5.94126
HG02052	AFR	AFR	1.0	476.121	-211.889	-17.5761	-16.5666	103.649	98.867	-35.332	-9.28704
HG02053	AFR	AFR	1.0	450.672	-193.138	-15.4716	-15.4559	101.594	89.7891	-31.4124	-8.28986
HG02054	AFR	AFR	1.0	422.852	-169.383	-13.5066	-12.8544	93.4052	82.0861	-41.6438	7.18633
HG02055	AFR	AFR	1.0	429.676	-173.461	-14.7633	-14.5755	94.9337	86.4658	-37.3038	-2.78357
HG02056	EAS	EAS	1.0	-181.007	-184.605	89.9593	-32.7503	8.94396	-4.16833	18.8205	38.8832
HG02057	EAS	EAS	1.0	-181.946	-188.312	93.3874	-38.7126	6.07639	-5.24857	22.3095	37.0377
HG02058	EAS	EAS	1.0	-175.185	-178.657	90.484	-33.123	6.28623	-1.49527	15.0192	40.3145
HG02059	EAS	EAS	1.0	-188.813	-183.772	93.1823	-36.0462	4.64988	-5.31834	14.5435	32.9901
HG02060	EAS	EAS	1.0	-188.371	-188.054	92.3164	-38.4041	6.52259	-4.8042	18.9292	35.8168
HG02061	EAS	EAS	1.0	-188.11	-187.282	93.9321	-35.8433	7.25991	-5.90351	15.9723	36.8826
HG02064	EAS	EAS	1.0	-186.087	-189.215	89.589	-45.0913	10.2969	-10.2986	23.3343	40.1732
HG02067	EAS	EAS	1.0	-184.452	-185.718	95.8785	-35.5288	10.14	-10.2498	17.9997	36.3962
HG02068	EAS	EAS	1.0	-184.868	-184.318	95.7777	-36.6922	6.98133	-5.77631	15.6624	41.0795
HG02069	EAS	EAS	1.0	-182.313	-184.207	90.2478	-37.5616	7.24432	-1.85202	14.5824	35.4152
HG02070	EAS	EAS	1.0	-184.564	-185.759	96.7252	-40.6713	6.42626	-5.5952	18.5926	47.0436
HG02071	EAS	EAS	1.0	-188.476	-187.235	90.6507	-37.4213	10.9063	-8.68209	20.1256	34.0399
HG02072	EAS	EAS	1.0	-185.878	-184.92	90.2874	-34.7121	8.42407	-5.22764	18.5266	37.7255
HG02073	EAS	EAS	1.0	-189.442	-188.374	93.7587	-40.2989	10.76	-10.8429	15.0574	33.0195
HG02074	EAS	EAS	1.0	-185.826	-191.834	96.8403	-37.6342	2.58602	-0.996521	21.4482	46.2621
HG02075	EAS	EAS	1.0	-184.42	-184.18	94.1022	-38.7924	4.59706	-3.31144	21.3008	42.7633
HG02076	EAS	EAS	1.0	-186.88	-189.479	97.0684	-39.6705	8.71538	-6.96694	20.4607	42.6459
HG02077	EAS	EAS	1.0	-186.421	-191.446	91.418	-44.1737	11.0282	-11.9602	22.778	41.7034
HG02078	EAS	EAS	1.0	-189.888	-189.716	92.2908	-40.1144	7.57041	-5.01869	19.7411	38.6742
HG02079	EAS	EAS	1.0	-184.726	-191.432	96.7465	-42.5686	11.8181	-10.9179	23.7039	41.9093
HG02080	EAS	EAS	1.0	-187.357	-188.217	92.919	-43.2665	9.67521	-9.00866	13.4959	36.7607
HG02081	EAS	EAS	1.0	-189.508	-187.667	92.8766	-42.195	9.97413	-9.26358	18.972	38.5
HG02082	EAS	EAS	1.0	-188.885	-191.22	94.8642	-45.3645	11.0357	-6.94289	10.7858	35.0234
HG02083	EAS	EAS	1.0	-185.827	-185.472	94.0495	-38.7231	4.33214	-4.09913	20.2083	38.3376
HG02522	EAS	EAS	1.0	-183.783	-186.918	94.2882	-43.0723	7.49464	-4.77265	21.2564	39.0844
HG02523	EAS	EAS	1.0	-183.314	-186.024	90.8244	-42.535	8.28927	-3.17063	23.2581	38.8281
HG02537	AFR	AFR	1.0	462.216	-203.087	-9.99084	-15.0964	99.8583	93.3281	-42.5045	-4.38439
NA06984	EUR	EUR	1.0	3.72076	196.354	-11.4536	-14.7858	17.7767	-48.5829	-101.232	15.578
NA06985	EUR	EUR	1.0	8.87702	195.76	-8.72823	-12.2141	9.99232	-40.163	-94.3301	6.52229
NA06986	EUR	EUR	1.0	7.02837	199.912	-8.87713	-10.2772	10.5467	-45.8938	-103.769	17.2679
NA06989	EUR	EUR	1.0	3.45874	196.006	-7.86545	-16.449	10.2062	-42.3315	-103.287	14.7616
NA06991	EUR	EUR	1.0	8.52521	198.174	-12.1924	-16.0582	11.7749	-40.1737	-99.4105	5.84236
NA06993	EUR	EUR	1.0	8.88405	200.572	-11.1785	-11.731	17.6122	-45.6311	-99.3136	10.5703
NA06994	EUR	EUR	1.0	5.57308	197.739	-9.4505	-14.9489	6.69839	-37.576	-100.926	10.4039
NA06995	EUR	EUR	1.0	8.06448	199.04	-6.22179	-8.45528	14.9425	-41.7437	-93.0837	12.8903
NA06997	EUR	EUR	1.0	9.25661	198.445	-13.1046	-12.6696	14.1583	-45.9879	-102.03	12.0398
NA07000	EUR	EUR	1.0	3.73985	198.317	-12.6417	-10.1823	12.6743	-42.6092	-94.9441	6.95169
NA07014	EUR	EUR	1.0	6.13035	198.145	-10.1427	-12.1733	11.5184	-41.3294	-106.943	12.9113
NA07019	EUR	EUR	1.0	6.04233	196.496	-11.7066	-11.6825	18.5084	-47.3207	-104.916	16.8091
NA07022	EUR	EUR	1.0	8.30523	201.974	-12.2306	-14.5051	19.1869	-49.8713	-97.6766	17.8071
NA07029	EUR	EUR	1.0	3.40619	197.184	-12.8653	-16.817	10.2045	-39.8632	-97.7653	8.44113
NA07031	EUR	EUR	1.0	4.41969	199.624	-10.8645	-9.60978	15.1642	-44.5849	-105.712	10.0084
NA07034	EUR	EUR	1.0	8.49077	199.131	-3.86513	-13.2446	19.0704	-47.1912	-98.9816	8.86744
NA07037	EUR	EUR	1.0	9.03181	198.488	-8.31714	-11.5778	15.4204	-41.9177	-96.8877	14.7993
NA07045	EUR	EUR	1.0	6.8598	201.064	-10.9597	-18.1435	16.6039	-47.5619	-94.3407	10.3824
NA07048	EUR	EUR	1.0	12.4477	199.085	-3.8388	-15.9713	14.6326	-42.0697	-102.548	6.19741
NA07051	EUR	EUR	1.0	5.10544	200.636	-11.1777	-11.6484	14.708	-42.0853	-101.124	15.8935
NA07055	EUR	EUR	1.0	6.14659	197.602	-9.72597	-13.0163	15.3538	-43.5986	-99.8225	12.2152
NA07056	EUR	EUR	1.0	4.78129	197.7	-8.84677	-10.6223	13.8236	-44.0277	-104.59	10.2903
NA07340	EUR	EUR	1.0	7.26615	210.164	-9.30787	-8.84641	13.5226	-42.3939	-102.616	14.9374
NA07345	EUR	EUR	1.0	4.16963	197.428	-15.3022	-10.0387	6.32753	-36.096	-103.789	12.8716
NA07346	EUR	EUR	1.0	3.15541	200.096	-13.2687	-14.7389	6.20225	-40.9971	-101.659	6.76661
NA07347	EUR	EUR	1.0	10.4228	206.961	-11.9697	-11.2422	18.4342	-44.7916	-86.2872	13.4898
NA07348	EUR	EUR	1.0	2.61546	194.955	-19.9436	-10.7848	10.9893	-39.6319	-103.709	18.1237
NA07349	EUR	EUR	1.0	3.571	200.147	-11.8046	-9.52489	14.4421	-46.7365	-96.3094	12.3898
NA07357	EUR	EUR	1.0	4.09611	198.213	-13.4891	-13.0629	12.227	-44.7356	-95.418	16.8512
NA07435	EUR	EUR	1.0	8.37691	203.422	-2.18277	-7.98542	15.8104	-45.4478	-92.7483	10.291
NA10830	EUR	EUR	1.0	8.04032	198.873	-6.27426	-6.58055	16.0626	-39.9371	-105.716	11.1694
NA10831	EUR	EUR	1.0	6.55718	202.678	-11.2605	-12.2988	13.0615	-46.7747	-103.75	9.64724
NA10835	EUR	EUR	1.0	-0.593033	196.006	-9.67834	-15.6988	12.7867	-35.2094	-115.544	16.5056
NA10836	EUR	EUR	1.0	8.13417	200.871	-11.589	-14.9633	15.3239	-47.8177	-96.4984	7.82417
NA10837	EUR	EUR	1.0	9.17073	200.71	-4.73658	-12.9073	11.7682	-41.8616	-91.4667	20.6341
NA10838	EUR	EUR	1.0	4.93381	195.545	-11.1839	-13.9155	12.7905	-38.6979	-99.0233	15.5783
NA10839	EUR	EUR	1.0	6.73998	205.897	-14.2796	-16.9026	14.4024	-44.7441	-100.085	10.9065
NA10840	EUR	EUR	1.0	3.20776	200.169	-8.42711	-11.9548	10.4314	-41.7001	-94.2087	12.3445
NA10842	EUR	EUR	1.0	2.22398	200.711	-13.5125	-10.7716	13.6347	-39.9274	-104.034	15.8827
NA10843	EUR	EUR	1.0	8.19785	202.365	-9.36923	-10.6842	9.94515	-40.0653	-94.7315	5.52253
NA10845	EUR	EUR	1.0	6.92348	195.437	-11.1107	-14.3133	15.5843	-39.8068	-92.429	12.2805
NA10846	EUR	EUR	1.0	6.86569	199.881	-5.70787	-13.7295	14.2035	-42.281	-85.2775	9.02098
NA10847	EUR	EUR	1.0	10.4494	203.477	-16.6247	-16.3622	12.3868	-41.012	-95.1299	6.83959
NA10850	EUR	EUR	1.0	5.43906	203.865	-11.936	-16.3465	13.11	-39.9649	-96.4857	13.3953
NA10851	EUR	EUR	1.0	3.97114	201.186	-14.3884	-16.3616	15.8026	-47.067	-108.229	11.2677
NA10852	EUR	EUR	1.0	5.56151	200.651	-12.9153	-12.9796	14.9207	-42.6862	-91.0693	13.3609
NA10853	EUR	EUR	1.0	5.16993	197.334	-10.6401	-12.5456	13.4043	-46.3068	-93.9168	15.9189
HG01056	EUR	EUR	1.0	31.8257	119.757	-46.475	-12.3839	39.6914	-36.5096	-37.8953	1.64528
HG01060	EUR	EUR	1.0	30.6569	126.57	-39.0928	-16.0258	34.786	-36.8432	-44.4052	3.98231
HG01061	EUR	EUR	1.0	20.4675	126.583	-53.3552	-9.73896	38.8612	-43.6945	-44.419	4.14361
HG01062	EUR	EUR	1.0	22.0448	131.473	-47.2201	-13.8984	39.7161	-45.8567	-43.3378	3.66202
HG01066	EUR	EUR	1.0	19.9446	132.988	-47.2567	-15.6759	38.2863	-43.0005	-44.1323	0.0591619
HG01067	EUR	EUR	1.0	28.1344	122.584	-49.6551	-9.16082	35.1925	-37.7885	-42.5684	7.30077
HG01068	EUR	EUR	1.0	23.873	131.16	-52.0087	-10.9811	37.8575	-44.3909	-46.6383	3.14768
HG01069	EUR	EUR	1.0	26.3486	115.554	-57.1959	-8.09335	35.0094	-38.5276	-43.27	2.87074
HG01070	EUR	EUR	1.0	12.0796	132.432	-54.8436	-5.78524	32.9117	-42.8459	-44.7172	6.86881
HG01071	EUR	EUR	1.0	21.2747	124.977	-54.2108	-6.55229	35.3637	-40.6403	-43.26	0.633992
HG01072	EUR	EUR	1.0	25.9627	125.543	-53.1544	-8.96915	41.0045	-38.1948	-39.9583	-1.32228
HG01073	EUR	EUR	1.0	20.6647	118.516	-54.3825	-8.74133	37.1894	-36.8849	-41.5457	-0.752848
HG01074	EUR	EUR	1.0	20.7629	121.765	-55.4589	-7.16083	40.0754	-42.2589	-41.2699	-3.29192
HG01075	EUR	EUR	1.0	44.6516	148.439	-17.5328	-13.2467	37.9422	-38.256	-58.7339	6.45059
HG01079	GME	GME	1.0	62.885	87.8787	-45.1316	-0.821818	39.6736	-24.1556	-35.9291	3.64521
HG01080	EUR	EUR	1.0	13.3755	98.3979	-76.4942	-2.69215	36.9715	-39.4885	-38.9213	1.1067
HG01081	EUR	EUR	0.8998371843724905	39.9386	96.7398	-62.0671	-3.27875	40.3823	-32.5301	-35.8263	1.31521
HG01082	GME	GME	1.0	79.8479	68.1477	-53.7038	-10.0167	43.4559	-25.5881	-39.0324	4.47382
HG01083	EUR	EUR	1.0	31.9107	110.925	-57.5708	-13.4791	42.4534	-32.3439	-42.9227	4.7951
HG01084	GME	GME	1.0	67.6203	80.9854	-51.1282	-12.7543	40.6527	-23.7983	-40.9289	2.08586
HG01085	EUR	EUR	1.0	45.3562	108.09	-41.5179	-20.2084	35.7433	-33.7033	-40.551	3.71725
HG01086	EUR	EUR	0.9016445671995706	37.9559	84.7567	-68.3199	-3.37605	36.6883	-27.9214	-36.3673	6.14875
HG01087	Unknown	EUR	0.5998910598054109	47.9941	92.2284	-54.198	-9.32629	37.2372	-28.427	-32.325	3.56661
HG01094	EUR	EUR	0.8968770899703463	48.9949	106.503	-48.1248	-10.4786	42.4549	-33.0368	-38.8471	8.98657
HG01095	EUR	EUR	1.0	38.3574	115.788	-45.2314	-7.88502	37.4025	-36.2058	-43.7886	7.1343
HG01096	EUR	EUR	0.897559997303934	56.4229	113.77	-36.9997	-10.3738	38.9395	-30.1781	-45.2809	3.19864
HG01097	EUR	EUR	1.0	25.0433	114.515	-56.894	-4.39377	42.0151	-37.2862	-44.5987	4.46677
HG01098	EUR	EUR	1.0	32.4489	115.794	-50.8644	-8.29022	36.7364	-37.5989	-40.5162	1.48363
HG01099	EUR	EUR	1.0	25.788	109.418	-56.1737	-4.69807	39.8132	-38.1567	-44.0362	7.22111
HG01100	EUR	EUR	0.8951176520210443	52.066	95.5638	-53.9646	-4.89774	34.9601	-23.6903	-40.1522	-3.45499
HG01101	Unknown	GME	0.5059133669063928	51.733	86.7766	-60.1573	-7.41812	44.4044	-30.5261	-38.2129	4.46719
HG01102	GME	GME	0.9050258738402643	71.0661	90.8132	-53.7162	-10.1146	42.4682	-22.7326	-44.3651	3.86974
HG01103	Unknown	GME	0.7104352884999695	64.4814	92.9518	-53.673	-10.223	45.8428	-24.6165	-42.4768	4.32041
HG01104	EUR	EUR	1.0	30.1861	123.368	-43.1285	-12.7578	35.8679	-35.2385	-45.6819	9.88752
HG01105	EUR	EUR	1.0	35.8485	144.374	-35.0006	-15.0067	39.0918	-38.9739	-56.3165	-0.308908
HG01106	EUR	EUR	1.0	32.0898	128.556	-43.8705	-14.958	40.2339	-38.6495	-51.1143	5.78366
HG01107	GME	GME	1.0	99.9863	74.1313	-46.698	-15.3191	49.8394	-29.5508	-32.8671	2.78494
HG01108	Unknown	AFR	0.6837193590627368	295.289	-82.5064	-36.1448	-12.6473	74.1423	41.8795	-44.5107	4.49096
HG01109	Unknown	GME	0.6742393906586865	199.528	-9.0171	-46.7696	-12.9263	62.5667	4.4138	-38.2823	1.84767
HG01110	EUR	EUR	0.9000358402701388	43.1681	102.271	-53.7817	-11.3193	38.5433	-31.3913	-37.5373	-1.14802
HG01111	EUR	EUR	1.0	40.0073	108.0	-48.6763	-12.7894	43.8465	-34.0272	-48.36	3.86312
HG01112	EUR	EUR	1.0	10.5762	174.495	-28.7784	-8.13651	31.4574	-48.1147	-63.2325	5.88971
HG01113	EUR	EUR	1.0	-38.9733	102.612	-94.8077	0.303187	28.6333	-42.9798	-33.8711	-0.207587
HG01114	EUR	EUR	1.0	-18.6183	139.603	-59.3532	-3.28934	32.098	-49.2655	-51.364	4.58391
HG01124	EUR	EUR	0.8980944344781042	23.5759	44.2681	-95.7814	-2.38132	37.4893	-22.3382	-38.6694	-8.78268
HG01125	EUR	EUR	1.0	7.2833	76.6013	-81.3476	1.53259	31.0874	-28.8956	-38.4797	1.01361
HG01126	EUR	EUR	0.8985576700043798	13.9996	53.5947	-92.1134	0.0486661	33.0787	-23.82	-36.1936	-6.2459
HG01133	EUR	EUR	1.0	-7.76475	141.937	-56.2432	-12.8587	32.8547	-47.1109	-46.1898	8.80763
HG01134	EUR	EUR	1.0	25.7077	78.6332	-79.8628	-3.07857	39.6877	-28.1616	-45.6983	4.05381
HG01135	EUR	EUR	1.0	-0.681686	98.2101	-75.1698	-11.5927	32.246	-33.0065	-44.8539	6.89649
NA12155	EUR	EUR	1.0	7.07983	202.97	-9.74992	-12.9749	11.5114	-43.1715	-104.085	11.3319
NA12156	EUR	EUR	1.0	6.4325	201.061	-12.0104	-12.7142	11.0191	-43.6702	-96.3206	8.17128
NA12234	EUR	EUR	1.0	4.3274	199.737	-4.97288	-10.4176	17.2749	-44.8518	-89.3698	9.09913
NA12239	EUR	EUR	1.0	7.14171	197.277	-15.1079	-14.4694	11.2973	-40.6234	-96.6564	8.27732
NA12248	EUR	EUR	1.0	0.58431	195.334	-14.1451	-15.0723	10.4623	-34.8365	-112.483	12.6209
NA12249	EUR	EUR	1.0	-1.84422	194.706	-11.3588	-6.28903	6.24648	-33.2707	-109.611	15.8592
NA12264	EUR	EUR	1.0	7.9161	203.284	-10.8928	-10.4301	10.4686	-38.2053	-94.8279	12.0928
NA12272	EUR	EUR	1.0	9.79217	202.265	-5.24159	-11.0694	16.8384	-48.8475	-90.9925	21.4076
NA12273	EUR	EUR	1.0	11.4544	201.287	-8.90376	-16.051	12.5652	-41.9574	-90.8381	14.9144
NA12274	EUR	EUR	1.0	3.42872	201.09	-10.5253	-13.3492	11.1681	-48.8693	-99.2836	13.7437
NA12275	EUR	EUR	1.0	8.53748	198.074	-15.4346	-12.2761	18.5205	-49.9535	-98.6612	6.83221
NA12282	EUR	EUR	1.0	7.54289	202.738	-11.3633	-16.1169	20.7654	-44.3892	-86.3314	8.00221
NA12283	EUR	EUR	1.0	8.68252	195.308	-8.40903	-16.2551	19.0082	-45.0203	-85.21	11.0456
NA12286	EUR	EUR	1.0	3.50581	194.098	-6.0815	-11.5057	9.73906	-36.4123	-85.0341	8.86485
NA12287	EUR	EUR	1.0	8.09606	202.501	-8.89809	-13.022	10.7298	-39.2491	-95.3629	7.26346
NA12329	EUR	EUR	1.0	3.86007	195.754	-12.7425	-18.1386	12.5984	-45.2332	-96.6032	12.19
NA12335	EUR	EUR	1.0	6.88563	197.394	-13.7127	-15.8227	15.0508	-39.2428	-96.8848	11.8871
NA12336	EUR	EUR	1.0	6.31827	199.661	-12.1426	-13.5855	17.7709	-43.71	-98.3916	9.62232
NA12340	EUR	EUR	1.0	8.16056	203.014	-9.57923	-17.3629	14.0003	-42.7745	-95.1233	13.0819
NA12341	EUR	EUR	1.0	10.9816	198.085	-7.49106	-12.4699	12.9748	-35.1243	-99.823	7.32764
NA12342	EUR	EUR	1.0	5.9088	202.474	-13.2505	-13.0807	14.5569	-42.378	-98.788	9.71727
NA12343	EUR	EUR	1.0	6.36964	197.187	-6.28673	-10.0888	21.3811	-44.1361	-93.0614	9.7777
NA12344	EUR	EUR	1.0	2.83138	195.65	-9.16677	-16.0904	10.5555	-38.4542	-97.3973	9.49535
NA12347	EUR	EUR	1.0	3.91197	195.361	-11.1889	-11.9839	9.87754	-33.7386	-100.033	10.8618
NA12348	EUR	EUR	1.0	1.03593	194.174	-13.4401	-16.4702	14.4499	-42.7612	-94.1497	10.3474
NA12375	EUR	EUR	1.0	11.431	200.918	-5.997	-14.2452	15.1331	-42.7085	-92.6167	15.0906
NA12376	EUR	EUR	1.0	10.1189	201.642	-12.7128	-9.91336	17.6586	-40.3589	-93.8828	14.6369
NA12383	EUR	EUR	1.0	9.8587	202.163	-7.29921	-15.6013	14.3984	-43.2987	-91.484	14.1419
NA12386	EUR	EUR	1.0	5.64422	200.98	-12.9677	-13.3364	20.9449	-50.4769	-95.4704	9.84091
NA12399	EUR	EUR	1.0	7.87421	201.152	-13.092	-13.3435	17.1087	-45.3773	-101.317	11.2191
NA12400	EUR	EUR	1.0	5.03363	202.947	-12.6958	-14.7821	16.8178	-49.8469	-96.9325	13.1269
NA12413	EUR	EUR	1.0	5.33696	199.633	-10.9398	-10.4673	21.2684	-47.2277	-86.8337	12.2616
NA12414	EUR	EUR	1.0	5.44356	195.574	-15.0572	-16.7961	10.3621	-38.7056	-100.671	10.7782
NA12485	EUR	EUR	1.0	3.29274	197.907	-13.2285	-11.9673	15.5979	-37.725	-90.9676	10.851
NA12489	EUR	EUR	1.0	7.69585	200.92	-6.49361	-11.369	17.3261	-44.0303	-100.631	6.68806
NA12546	EUR	EUR	1.0	9.14435	197.847	-11.042	-9.56351	15.0712	-40.8396	-87.2932	14.1678
NA12707	EUR	EUR	1.0	7.1387	197.992	-16.5159	-15.4293	15.8109	-42.6342	-99.6605	8.54627
NA12708	EUR	EUR	1.0	1.41075	191.183	-13.39	-14.2434	12.8761	-38.2003	-93.8859	16.0475
NA12716	EUR	EUR	1.0	6.67825	205.882	-14.1729	-12.6451	13.9247	-45.6959	-100.462	11.2349
NA12717	EUR	EUR	1.0	7.76526	198.285	-10.9334	-9.5799	17.0742	-43.1687	-97.0971	9.08941
NA12718	EUR	EUR	1.0	5.72048	197.3	-11.7778	-15.4987	17.0927	-42.4574	-91.7648	14.3705
NA12739	EUR	EUR	1.0	1.69034	198.861	-7.21714	-12.2813	15.1823	-41.8371	-99.2423	13.5402
NA12740	EUR	EUR	1.0	8.58356	196.972	-10.8131	-10.2728	14.6418	-42.9368	-91.1073	12.2193
NA12748	EUR	EUR	1.0	3.05723	193.492	-4.53355	-14.1688	14.5501	-44.1595	-104.24	11.1754
NA12749	EUR	EUR	1.0	5.15166	202.447	-11.0005	-12.0226	12.7468	-38.812	-89.4532	11.6036
NA12750	EUR	EUR	1.0	6.32119	196.732	-6.08036	-11.7795	17.048	-42.3973	-94.6471	8.47013
NA12751	EUR	EUR	1.0	9.33467	200.459	-14.6514	-14.4556	9.32005	-41.9303	-96.9463	11.8732
NA12752	EUR	EUR	1.0	6.34813	198.308	-6.81576	-10.3316	16.4111	-46.6815	-95.3471	13.6617
NA12753	EUR	EUR	1.0	6.78603	198.013	-7.82344	-12.7567	11.1452	-43.301	-90.4483	9.48404
NA12760	EUR	EUR	1.0	8.79034	195.082	-5.36868	-10.4757	14.5587	-44.0952	-93.3319	6.93242
HG01807	EAS	EAS	1.0	-184.933	-188.929	97.4217	-38.8997	10.4858	-9.06952	21.7609	46.2783
HG01808	EAS	EAS	1.0	-190.858	-190.639	100.39	-43.4713	9.89026	-9.65038	17.1122	42.8727
HG01809	EAS	EAS	1.0	-187.991	-188.119	98.7529	-47.0194	7.98441	-4.42725	21.9678	42.0447
HG01810	EAS	EAS	1.0	-187.877	-190.131	92.5141	-44.4977	5.85594	-6.24068	18.9903	46.823
HG01811	EAS	EAS	1.0	-189.6	-191.857	99.3624	-47.3205	7.92727	-4.96698	22.5388	49.8657
HG01812	EAS	EAS	1.0	-190.336	-196.436	92.4384	-42.9386	9.57339	-11.8291	19.5036	43.1345
HG01813	EAS	EAS	1.0	-186.355	-192.808	96.9087	-45.4965	7.23439	-4.75447	17.1477	42.4187
HG01815	EAS	EAS	1.0	-186.295	-190.249	94.5579	-36.0626	9.01955	-9.07378	18.9645	39.1204
HG01816	EAS	EAS	1.0	-186.583	-193.612	100.772	-41.6414	11.8246	-11.4712	19.1005	50.544
HG01817	EAS	EAS	1.0	-184.875	-194.122	101.887	-40.4602	11.5759	-6.99224	23.1434	49.0894
HG01840	EAS	EAS	1.0	-186.197	-188.035	98.1923	-38.4614	7.22598	-8.43032	22.3982	35.1104
HG01841	EAS	EAS	1.0	-184.503	-185.367	96.3367	-41.7536	5.12138	-9.65218	15.0519	41.401
HG01842	EAS	EAS	1.0	-184.793	-185.105	100.4	-41.4368	10.4194	-9.65439	18.8194	44.6438
HG01843	EAS	EAS	1.0	-188.108	-185.131	94.9071	-42.6196	4.74864	-4.05258	17.4553	41.2359
HG01844	EAS	EAS	1.0	-184.167	-186.065	89.6355	-35.7653	6.78455	-5.71142	20.1114	42.1231
HG01845	EAS	EAS	1.0	-185.608	-186.883	94.7624	-40.8901	9.57578	-7.58648	19.2176	36.3093
HG01846	EAS	EAS	1.0	-182.957	-183.329	96.9541	-42.5986	4.57045	-1.02546	16.9359	41.1177
HG01847	EAS	EAS	1.0	-184.924	-183.933	94.0942	-36.0161	5.22357	-4.34305	15.791	35.9548
HG01848	EAS	EAS	1.0	-187.865	-190.159	95.2657	-38.9947	6.81061	-2.4654	19.1184	40.9137
HG01849	EAS	EAS	1.0	-185.883	-181.573	95.782	-38.0927	8.41401	-6.06046	22.3346	41.7046
HG01850	EAS	EAS	1.0	-185.0	-189.918	91.2909	-41.8546	8.96568	-7.79684	14.403	32.1579
HG01851	EAS	EAS	1.0	-189.659	-191.978	91.9789	-38.5797	8.9201	-5.33206	20.1891	42.3926
HG01852	EAS	EAS	1.0	-188.726	-185.894	94.4286	-39.2479	6.56839	-4.28401	17.8971	37.1728
HG01853	EAS	EAS	1.0	-184.957	-187.243	95.438	-38.5557	7.08845	-5.07487	20.0244	40.9567
HG01855	EAS	EAS	1.0	-183.596	-184.449	97.2041	-41.387	8.18426	-3.72867	18.2671	41.2146
HG01857	EAS	EAS	1.0	-188.002	-189.386	95.5186	-38.5046	6.07513	-9.45314	18.6272	42.7196
HG01858	EAS	EAS	1.0	-187.506	-191.894	95.9824	-37.9027	7.16371	-8.153	19.9575	43.1184
HG01859	EAS	EAS	1.0	-188.523	-190.017	96.023	-43.6085	8.63985	-10.287	15.2152	42.3571
HG01860	EAS	EAS	1.0	-188.019	-193.668	90.382	-41.8379	9.56994	-6.00536	19.0166	43.2493
HG01861	EAS	EAS	1.0	-187.187	-185.965	94.1703	-37.9385	6.81087	-5.36861	19.1877	43.4875
HG01862	EAS	EAS	1.0	-187.33	-189.04	94.5071	-43.9602	6.10144	-4.18383	17.2402	37.1728
HG01863	EAS	EAS	1.0	-190.223	-189.976	93.2946	-42.2204	11.1968	-4.8894	19.072	41.0533
HG01864	EAS	EAS	1.0	-184.964	-192.047	94.1343	-33.8747	9.18136	-3.97469	18.1649	44.1419
HG01865	EAS	EAS	1.0	-189.763	-187.718	99.115	-42.1198	10.5979	-9.28323	23.0761	42.3776
HG01866	EAS	EAS	1.0	-184.868	-183.128	91.0425	-32.4141	7.12339	-5.14491	20.7369	34.3097
HG01867	EAS	EAS	1.0	-186.227	-186.177	92.6825	-37.3821	5.19062	-3.56448	20.0845	41.1803
HG01868	EAS	EAS	1.0	-187.827	-187.293	95.9337	-36.2402	9.17048	-9.01514	19.8521	46.636
HG01869	EAS	EAS	1.0	-188.017	-193.308	94.7115	-44.5443	9.19102	-7.35168	19.5995	42.9063
HG01870	EAS	EAS	1.0	-186.686	-190.159	93.9016	-38.979	10.5219	-9.05583	18.9857	38.2824
HG01871	EAS	EAS	1.0	-185.932	-185.551	95.7618	-37.1147	7.61903	-4.2766	20.5798	44.7809
HG01872	EAS	EAS	1.0	-188.928	-187.87	87.688	-38.6352	6.13644	-7.26347	19.5818	31.0192
HG01873	EAS	EAS	1.0	-188.057	-187.352	94.1721	-38.8157	9.91881	-7.98443	18.7407	36.7745
HG01874	EAS	EAS	1.0	-186.6	-185.869	88.4245	-39.6192	8.42416	-6.50435	19.5108	42.2505
HG01878	EAS	EAS	1.0	-186.372	-184.712	94.4661	-33.0589	4.9338	-2.84875	16.7883	41.6324
HG01879	AFR	AFR	1.0	403.228	-159.616	-11.7659	-19.3421	89.6559	78.68	-33.7801	-4.37969
HG01880	Unknown	SAS	0.49794732177867035	237.633	-106.835	4.4596	7.82829	26.3777	84.4195	-16.0952	7.39994
HG01881	AFR	AFR	1.0	327.095	-137.23	-1.06068	-5.5658	58.461	79.9713	-29.2736	0.101087
HG01882	AFR	AFR	1.0	465.207	-207.833	-11.8255	-15.4534	94.3778	87.055	-37.3635	-8.15535
HG01883	AFR	AFR	1.0	412.372	-164.481	-12.5931	-16.4689	95.3215	80.2623	-37.8137	-2.42114
HG01884	AFR	AFR	1.0	450.214	-185.985	-16.869	-17.0757	94.3841	87.1178	-33.2772	-2.06913
NA18878	AFR	AFR	1.0	482.831	-219.545	-14.7046	-12.7469	113.845	111.644	-36.8418	-1.05418
NA18879	AFR	AFR	1.0	484.924	-219.246	-9.92975	-15.7063	114.835	112.635	-33.1685	-10.3149
NA18881	AFR	AFR	1.0	483.81	-218.227	-12.5534	-14.6473	112.58	117.517	-36.529	-11.4064
NA18906	AFR	AFR	1.0	482.598	-217.98	-16.195	-14.9566	111.867	103.887	-26.9062	-13.4592
NA18907	AFR	AFR	1.0	487.421	-224.824	-12.9658	-15.0906	104.698	102.748	-32.6326	-2.11415
NA18908	AFR	AFR	1.0	488.799	-224.428	-12.7868	-19.2771	114.509	111.781	-38.9278	-12.724
NA18909	AFR	AFR	1.0	489.02	-227.217	-12.5014	-17.0728	117.858	117.5	-38.614	-5.93946
NA18910	AFR	AFR	1.0	480.415	-220.417	-13.656	-17.9038	109.555	105.552	-29.879	-4.78278
NA18911	AFR	AFR	1.0	482.023	-223.781	-14.5585	-18.7176	112.101	112.508	-34.7992	-11.2329
NA18912	AFR	AFR	1.0	486.573	-224.907	-10.5393	-11.6735	114.632	104.532	-30.0226	-9.1864
NA18913	AFR	AFR	1.0	486.404	-223.809	-13.8566	-16.899	117.455	113.196	-32.3891	-11.9823
NA18914	AFR	AFR	1.0	485.644	-223.928	-9.71004	-15.906	119.155	111.635	-30.3153	-9.4183
NA18915	AFR	AFR	1.0	489.683	-227.166	-16.4969	-16.6728	114.832	109.37	-35.6084	-10.904
NA18916	AFR	AFR	1.0	488.094	-223.748	-14.4511	-18.7218	112.377	109.05	-37.6673	-11.4705
NA18917	AFR	AFR	1.0	489.616	-221.538	-11.2049	-19.6284	111.084	105.054	-29.2281	-5.76727
NA18923	AFR	AFR	1.0	482.089	-223.507	-15.2144	-12.6512	117.869	108.642	-28.6463	-7.45808
NA18924	AFR	AFR	1.0	479.875	-221.729	-14.3532	-14.7914	115.567	106.6	-35.6305	-13.2988
NA18925	AFR	AFR	1.0	480.039	-221.063	-14.9039	-13.967	118.834	106.513	-33.7662	-8.37391
NA18930	AFR	AFR	1.0	486.571	-223.614	-12.2935	-20.9721	114.223	108.265	-34.0167	-15.4827
NA18933	AFR	AFR	1.0	489.296	-224.109	-13.7885	-16.5816	121.157	111.64	-29.88	-8.49415
NA18934	AFR	AFR	1.0	491.967	-221.745	-10.6951	-18.0299	120.845	108.977	-36.6273	-6.57781
NA18935	AFR	AFR	1.0	492.185	-223.167	-14.3285	-18.495	126.353	115.874	-30.661	-7.30273
NA18939	EAS	EAS	1.0	-196.058	-194.55	81.8046	-48.4156	9.15701	-8.98016	5.8065	-1.95161
NA18940	EAS	EAS	1.0	-193.258	-192.689	80.0473	-45.1944	10.6286	-6.63322	4.41352	-2.56114
NA18941	EAS	EAS	1.0	-195.64	-196.781	78.9623	-50.8188	10.2807	-9.46125	5.59282	-2.93798
NA18942	EAS	EAS	1.0	-194.477	-198.349	81.9079	-48.6548	11.4501	-9.79519	2.64864	2.86644
NA18943	EAS	EAS	1.0	-198.281	-195.238	83.16	-43.2244	6.7348	-5.38751	10.6946	4.20821
NA18944	EAS	EAS	1.0	-196.133	-194.623	82.9138	-47.4733	8.26047	-8.0733	0.958476	-4.34754
NA18945	EAS	EAS	1.0	-193.807	-194.65	77.9451	-46.6239	11.7367	-7.6868	3.80373	-2.77504
NA18946	EAS	EAS	1.0	-193.272	-196.721	78.8705	-50.5189	10.3883	-12.5546	7.03296	-3.54872
NA18947	EAS	EAS	1.0	-191.615	-194.201	78.7593	-47.6425	9.61153	-4.43751	4.55537	-1.59937
NA18948	EAS	EAS	1.0	-193.153	-195.055	78.947	-44.8347	11.383	-7.76523	1.44894	-3.77107
NA18949	EAS	EAS	1.0	-195.589	-193.624	77.1509	-46.3827	11.9499	-11.1221	-1.56676	-1.27624
NA18950	EAS	EAS	1.0	-194.19	-196.443	82.6747	-49.2191	13.0664	-10.8669	7.85141	0.446156
NA18951	EAS	EAS	1.0	-194.076	-196.248	78.5293	-45.3936	8.57028	-8.96488	6.90822	2.30941
NA18952	EAS	EAS	1.0	-196.217	-195.858	77.4295	-45.6919	8.01106	-13.664	4.33047	-0.3393
NA18953	EAS	EAS	1.0	-200.371	-195.797	77.3806	-48.6726	11.3022	-8.81749	7.64734	-4.59761
NA18954	EAS	EAS	1.0	-195.665	-197.085	85.8954	-39.0416	13.988	-14.2391	4.10778	6.7988
NA18955	EAS	EAS	1.0	-193.485	-195.414	80.746	-49.6112	8.54207	-10.1137	8.12818	4.46455
NA18956	EAS	EAS	1.0	-193.503	-198.132	81.4243	-49.0219	10.7063	-9.98609	-0.0326096	-6.8105
NA18957	EAS	EAS	1.0	-193.601	-192.384	78.3451	-46.8264	7.61692	-6.48705	7.4438	-1.85548
NA18959	EAS	EAS	1.0	-194.858	-195.905	83.2748	-50.0906	9.53202	-7.35513	8.43269	-0.488449
NA18960	EAS	EAS	1.0	-194.392	-197.695	82.5982	-44.3112	10.9301	-7.98811	5.98663	-3.46076
NA18961	EAS	EAS	1.0	-197.435	-196.351	77.0214	-46.1036	14.2196	-11.5342	6.50189	-7.3221
NA18962	EAS	EAS	1.0	-193.993	-196.49	81.1933	-53.2835	11.3927	-9.40573	4.90836	-2.5799
NA18963	EAS	EAS	1.0	-196.176	-194.314	81.8536	-51.4933	8.76294	-8.57737	4.87933	-2.11935
NA18964	EAS	EAS	1.0	-193.922	-194.399	77.8305	-49.1841	9.72607	-10.9264	1.97495	0.450149
NA18965	EAS	EAS	1.0	-195.911	-196.55	76.6183	-52.1488	9.72222	-13.9721	3.28681	1.17363
NA18966	EAS	EAS	1.0	-194.399	-193.522	77.9782	-45.3025	13.4895	-9.75407	4.85804	-6.03985
NA18967	EAS	EAS	1.0	-196.69	-195.605	79.1517	-50.4306	10.9279	-8.58786	6.08346	-5.76888
HG00404	EAS	EAS	1.0	-198.509	-198.81	88.9794	-51.0695	13.0182	-12.3304	12.2055	20.987
HG00405	EAS	EAS	1.0	-194.654	-198.868	92.0736	-48.2864	14.8387	-11.1413	14.9879	22.981
HG00406	EAS	EAS	1.0	-194.65	-201.854	99.5088	-49.7891	10.84	-9.18059	16.7549	20.8309
HG00407	EAS	EAS	1.0	-194.405	-196.903	94.6407	-48.7805	9.15887	-9.65002	12.5194	29.4154
HG00408	EAS	EAS	1.0	-194.999	-197.456	99.0964	-51.5504	7.81428	-9.12028	14.3595	22.1556
HG00418	EAS	EAS	1.0	-196.628	-197.898	96.0911	-47.7559	11.6771	-13.2035	11.6929	20.8137
HG00419	EAS	EAS	1.0	-196.905	-199.087	88.9779	-47.2071	14.5464	-16.2907	14.3751	26.72
HG00420	EAS	EAS	1.0	-199.744	-198.168	95.8848	-52.2826	12.4172	-15.9848	11.2495	22.3004
HG00421	EAS	EAS	1.0	-196.91	-200.826	96.0599	-51.279	9.09509	-11.3177	11.9427	27.0375
HG00422	EAS	EAS	1.0	-198.439	-199.463	93.1558	-49.994	13.4627	-14.7613	10.4017	38.2689
HG00423	EAS	EAS	1.0	-197.043	-201.962	94.5408	-50.788	11.5234	-13.7087	10.8415	30.7676
HG00427	EAS	EAS	1.0	-195.079	-197.459	94.7031	-46.3525	12.6149	-14.1795	11.9936	24.1695
HG00428	EAS	EAS	1.0	-199.773	-197.322	95.1497	-48.6095	12.1608	-8.92704	17.1578	26.5264
HG00429	EAS	EAS	1.0	-196.381	-197.598	97.4788	-48.9486	12.6262	-11.4861	13.6882	23.9756
HG00436	EAS	EAS	1.0	-197.07	-200.144	89.5887	-52.142	14.2119	-14.8467	16.0825	21.3274
HG00437	EAS	EAS	1.0	-197.332	-200.391	92.0466	-51.8429	7.83655	-11.8882	11.8341	19.7134
HG00438	EAS	EAS	1.0	-197.862	-203.384	91.3624	-56.5953	9.94879	-16.684	14.2701	21.728
HG00442	EAS	EAS	1.0	-198.989	-203.973	94.9428	-50.858	10.9418	-11.0598	11.2975	29.0403
HG00443	EAS	EAS	1.0	-193.975	-193.698	89.3853	-53.6361	9.14251	-10.7304	16.3806	26.3982
HG00444	EAS	EAS	1.0	-198.864	-197.829	94.0803	-52.3448	10.5256	-10.3044	14.6881	25.4099
HG00445	EAS	EAS	1.0	-193.79	-195.134	93.4824	-44.6914	12.1079	-11.6812	9.40483	24.1925
HG00446	EAS	EAS	1.0	-199.517	-198.072	91.1517	-53.3246	9.3161	-10.7416	15.4223	24.4324
HG00447	EAS	EAS	1.0	-198.19	-195.172	91.7434	-46.3988	11.4204	-10.6048	11.3819	24.1556
HG00448	EAS	EAS	1.0	-193.31	-197.119	89.6889	-49.0649	9.77828	-11.9432	13.8261	21.4876
HG00449	EAS	EAS	1.0	-193.198	-198.47	93.1344	-49.8954	13.6032	-13.3372	13.8164	26.1315
HG00450	EAS	EAS	1.0	-193.927	-197.34	90.886	-49.7535	14.1474	-12.4004	16.6208	25.3473
HG00451	EAS	EAS	1.0	-197.448	-198.88	95.3981	-52.6183	11.7283	-10.6604	14.3032	23.7692
HG00452	EAS	EAS	1.0	-193.831	-198.87	90.1619	-49.2057	13.5693	-13.394	10.2355	23.9162
HG00453	EAS	EAS	1.0	-195.516	-198.221	92.9029	-52.1182	10.5595	-9.69371	9.41954	22.6061
HG00457	EAS	EAS	1.0	-196.228	-198.407	94.4607	-51.1354	9.77655	-14.5276	20.1809	29.1166
HG00458	EAS	EAS	1.0	-196.667	-197.924	92.365	-48.9688	16.0013	-14.3187	14.0518	30.3111
HG00459	EAS	EAS	1.0	-195.468	-197.843	94.3131	-48.5895	14.02	-16.6121	18.3629	30.2835
HG00463	EAS	EAS	1.0	-197.534	-197.851	93.1305	-49.3748	14.1607	-12.3059	13.4436	29.9124
HG00464	EAS	EAS	1.0	-197.176	-198.331	93.0058	-46.7749	9.8454	-10.1824	11.9447	27.0489
HG00465	EAS	EAS	1.0	-196.741	-199.285	94.7097	-43.615	13.3307	-12.0907	16.6806	29.3871
HG00472	EAS	EAS	1.0	-195.904	-198.36	94.6507	-55.0573	12.0288	-14.9314	11.4081	30.1023
HG00473	EAS	EAS	1.0	-194.351	-198.69	92.7261	-51.3204	11.0718	-11.885	12.964	23.0216
HG00474	EAS	EAS	1.0	-193.785	-201.38	95.7731	-53.5217	12.1907	-16.6915	11.3076	29.483
HG00475	EAS	EAS	1.0	-196.697	-197.161	93.2545	-51.5684	11.2552	-12.2314	12.9586	19.674
HG00476	EAS	EAS	1.0	-200.314	-198.172	92.1445	-47.6755	10.4566	-7.56838	16.362	22.472
HG00477	EAS	EAS	1.0	-197.446	-194.972	94.5036	-48.3104	11.2989	-11.1134	14.6661	22.2802
HG00478	EAS	EAS	1.0	-198.052	-202.327	91.4565	-52.7179	9.88382	-11.2268	11.9081	22.7069
HG00479	EAS	EAS	1.0	-200.0	-195.808	93.0291	-47.0225	12.7785	-11.5701	12.7758	24.7165
HG00480	EAS	EAS	1.0	-196.075	-200.123	95.3691	-44.6784	14.3898	-14.2429	11.3296	24.1733
HG00500	EAS	EAS	1.0	-198.54	-195.495	92.2495	-59.381	13.3231	-13.3236	9.43006	21.9786
HG00501	EAS	EAS	1.0	-198.423	-201.012	95.6147	-48.3933	11.3508	-9.84109	13.4191	26.3531
HG00502	EAS	EAS	1.0	-197.899	-195.178	94.3095	-53.3611	12.6445	-11.9651	11.335	22.2106
HG00512	EAS	EAS	1.0	-196.373	-197.779	96.0465	-50.1827	9.80028	-9.17574	11.5482	23.2303
HG00513	EAS	EAS	1.0	-196.498	-198.14	99.2328	-55.5234	9.36558	-13.7789	12.37	25.4084
HG00514	EAS	EAS	1.0	-197.895	-196.273	99.3849	-50.8077	10.7921	-11.9093	10.8664	23.8008
HG00096	EUR	EUR	1.0	2.99805	196.943	-10.9493	-12.3628	13.6237	-42.5062	-108.768	13.7236
HG00097	EUR	EUR	1.0	8.25714	199.177	-10.3895	-9.22355	13.0223	-45.0806	-98.899	7.19742
HG00098	EUR	EUR	1.0	-0.0404202	201.364	-13.0893	-8.68195	8.19261	-38.3727	-105.429	16.5996
HG00099	EUR	EUR	1.0	2.75081	200.398	-13.1362	-14.2639	14.2807	-41.8307	-103.592	12.5271
HG00100	EUR	EUR	1.0	6.69733	200.108	-12.6921	-11.7661	16.518	-46.3087	-99.6097	14.3309
HG00101	EUR	EUR	1.0	4.96449	198.186	-11.807	-14.115	12.2224	-43.0022	-107.033	11.627
HG00102	EUR	EUR	1.0	0.479805	197.272	-11.3687	-12.8074	6.60123	-35.0814	-113.501	10.4809
HG00103	EUR	EUR	1.0	5.68035	199.72	-9.24349	-13.0585	9.58506	-45.573	-104.322	11.3882
HG00104	EUR	EUR	1.0	5.32636	195.827	-14.0901	-15.0466	7.91402	-35.6054	-95.6003	3.93488
HG00105	EUR	EUR	1.0	4.30624	197.338	-13.6739	-11.7717	14.3033	-42.9941	-106.438	11.1268
HG00106	EUR	EUR	1.0	0.357992	199.631	-12.9015	-9.87968	8.92611	-36.3092	-98.9513	12.3874
HG00107	EUR	EUR	1.0	1.48901	199.62	-11.0121	-12.4222	12.9672	-45.27	-99.3054	14.2872
HG00108	EUR	EUR	1.0	6.0585	197.287	-12.9832	-13.1354	13.6539	-38.8467	-101.593	15.3174
HG00109	EUR	EUR	1.0	3.61183	200.478	-5.75123	-16.0107	20.0301	-48.5035	-100.833	10.3741
HG00110	EUR	EUR	1.0	-0.812017	194.852	-8.73211	-10.229	12.2	-41.8367	-106.214	7.32146
HG00111	EUR	EUR	1.0	3.61787	197.516	-16.7211	-8.73862	10.4941	-38.5838	-104.553	17.6963
HG00112	EUR	EUR	1.0	3.95902	200.518	-8.94777	-11.5491	7.4361	-40.6393	-105.974	6.6695
HG00113	EUR	EUR	1.0	4.15	201.211	-10.6025	-11.1951	12.4585	-35.8941	-105.323	11.5712
HG00114	EUR	EUR	1.0	6.23239	198.157	-8.89829	-13.0921	15.8565	-43.2862	-104.249	13.0882
HG00115	EUR	EUR	1.0	6.62201	199.659	-9.78979	-8.76698	11.1203	-42.1566	-96.6467	11.3977
HG00116	EUR	EUR	1.0	3.5646	200.06	-11.0788	-15.11	12.0559	-41.0237	-94.3574	9.66063
HG00117	EUR	EUR	1.0	1.55515	200.367	-11.6334	-10.9192	15.5118	-43.7961	-99.6925	8.37595
HG00118	EUR	EUR	1.0	1.12948	196.477	-16.3981	-9.8394	12.4668	-42.7035	-100.657	14.5233
HG00119	EUR	EUR	1.0	3.98287	195.357	-11.1714	-15.1405	13.4622	-44.378	-108.875	14.3431
HG00120	EUR	EUR	1.0	5.53666	201.245	-11.2534	-17.2762	12.3067	-47.4601	-111.429	10.8215
HG00121	EUR	EUR	1.0	2.64939	199.927	-11.5751	-11.018	6.64769	-38.0081	-108.266	8.62378
HG00122	EUR	EUR	1.0	2.38467	195.719	-11.9665	-12.5228	13.351	-44.0384	-105.451	16.09
HG00123	EUR	EUR	1.0	6.84277	197.695	-9.47513	-11.6371	8.3223	-38.6471	-108.686	10.5984
HG00124	EUR	EUR	1.0	4.36813	197.059	-12.5192	-9.20962	14.4694	-48.0815	-101.67	9.08643
HG00125	EUR	EUR	1.0	2.78414	195.386	-16.2286	-7.66487	11.2694	-39.0521	-109.862	9.0931
HG00126	EUR	EUR	1.0	6.52678	204.95	-7.84923	-9.19332	13.6504	-48.4897	-99.9172	5.70599
HG00127	EUR	EUR	1.0	4.37698	203.034	-7.7127	-11.3595	12.2913	-40.8794	-97.3444	13.2603
HG00128	EUR	EUR	1.0	10.4661	205.74	-7.48212	-10.7316	12.1563	-41.6141	-93.3076	13.973
HG00129	EUR	EUR	1.0	4.47314	199.607	-10.8944	-13.7062	16.1097	-44.3142	-101.009	7.95729
HG00130	EUR	EUR	1.0	11.4445	202.032	-3.89246	-11.3356	11.2853	-42.4633	-93.503	9.98881
HG00131	EUR	EUR	1.0	6.78559	200.443	-8.49076	-14.0372	14.7011	-41.1026	-93.0208	11.0556
HG00132	EUR	EUR	1.0	6.30879	204.747	-2.46407	-15.8894	12.8193	-43.0934	-94.606	6.57143
HG00133	EUR	EUR	1.0	6.71836	200.7	-9.86286	-8.9911	13.9678	-42.8336	-95.7698	11.715
HG00134	EUR	EUR	1.0	7.93018	202.391	-14.2913	-6.21207	9.06192	-40.0385	-98.7913	14.5917
HG00135	EUR	EUR	1.0	6.10069	200.469	-16.4466	-12.3308	11.0017	-44.8279	-96.732	12.1813
HG00136	EUR	EUR	1.0	3.42691	197.876	-8.39115	-8.48078	12.9058	-43.1287	-100.085	9.45958
HG00137	EUR	EUR	1.0	4.88485	203.413	-7.76343	-16.4948	16.6707	-41.2354	-100.344	11.8706
HG00138	EUR	EUR	1.0	9.25891	198.173	-9.44324	-11.2406	15.1463	-46.5675	-103.429	10.825
HG00139	EUR	EUR	1.0	6.25201	200.47	-9.47919	-16.9024	14.2863	-47.2279	-95.986	16.2858
HG00140	EUR	EUR	1.0	0.968986	197.671	-11.0547	-8.80364	12.4457	-42.4566	-98.5861	7.41703
HG00141	EUR	EUR	1.0	3.76852	200.45	-15.9915	-10.1523	12.0527	-45.6505	-99.2441	12.0864
HG00142	EUR	EUR	1.0	9.28721	205.799	-6.76674	-13.8133	14.1149	-45.5152	-95.1331	13.7182
HG00143	EUR	EUR	1.0	8.66763	202.676	-11.6563	-12.0834	16.7562	-43.5826	-90.5746	10.9104
HG00144	EUR	EUR	1.0	3.01717	197.471	-14.9031	-12.0095	15.9256	-45.4979	-95.4894	19.787
HG00145	EUR	EUR	1.0	2.53824	198.712	-8.5931	-7.97824	9.91349	-37.9143	-90.2675	8.03849
HG00146	EUR	EUR	1.0	6.02533	204.136	-6.52159	-10.2781	16.6533	-48.2826	-93.2977	14.607
HG00147	EUR	EUR	1.0	7.81128	203.296	-6.05541	-11.8247	14.5159	-44.7583	-96.8045	15.3163
HG00148	EUR	EUR	1.0	6.07066	201.955	-11.2327	-11.7143	11.5851	-43.7772	-90.4916	11.6344
HG00149	EUR	EUR	1.0	6.40108	204.41	-11.749	-11.2228	17.2119	-49.4242	-93.1188	15.4325
HG00150	EUR	EUR	1.0	3.17869	198.023	-12.9306	-15.5135	12.673	-45.3021	-94.4597	9.83468
HG00151	EUR	EUR	1.0	1.67308	195.099	-11.4827	-5.68788	16.3401	-44.3481	-98.2506	9.93318
HG00152	EUR	EUR	1.0	5.38715	201.142	-14.9127	-10.2129	11.4407	-40.0131	-92.0522	10.3522
HG00153	EUR	EUR	1.0	1.08871	196.249	-12.0982	-10.9131	7.82146	-39.1884	-101.236	8.81494
HG00154	EUR	EUR	1.0	7.21854	206.569	-13.8698	-9.72442	14.1859	-48.3792	-94.9102	16.69
HG00155	EUR	EUR	1.0	-0.468333	197.322	-14.2647	-9.39698	13.0119	-40.8226	-95.418	17.8863
HG00156	EUR	EUR	1.0	6.85504	203.707	-9.85021	-12.2741	18.2321	-51.9319	-91.2214	11.1152
HG00157	EUR	EUR	1.0	5.40116	196.929	-5.83243	-8.6845	17.2513	-46.4246	-97.2048	10.5602
HG00158	EUR	EUR	1.0	1.70821	191.19	-17.4505	-10.3363	11.0878	-39.9847	-100.622	10.1463
HG00159	EUR	EUR	1.0	5.97427	198.626	-11.0054	-10.7801	16.6696	-44.2107	-100.599	7.82437
HG00160	EUR	EUR	1.0	6.28323	202.023	-12.1789	-12.8568	10.9634	-43.4252	-99.8873	7.47517
HG00171	EUR	EUR	1.0	-23.57	162.964	-15.8063	-12.2893	1.30039	-31.5144	-127.368	3.52394
HG00173	EUR	EUR	1.0	-18.3365	165.385	-18.7307	-11.8599	2.00245	-36.8512	-116.207	1.04969
HG00174	EUR	EUR	1.0	-11.0091	177.903	-17.6928	-17.2208	7.88126	-41.3309	-114.688	8.38149
HG00176	EUR	EUR	1.0	-16.9129	163.371	-15.6514	-9.59511	6.92988	-38.4396	-117.163	5.58925
HG00177	EUR	EUR	1.0	-20.9037	158.566	-17.2518	-11.4994	4.78027	-32.0121	-112.473	-0.229702
HG00178	EUR	EUR	1.0	-16.2059	167.852	-13.9144	-8.16734	6.2061	-36.7835	-118.434	1.79871
HG00179	EUR	EUR	1.0	-16.3017	164.024	-14.3489	-14.7624	6.8585	-35.3011	-114.759	0.426933
HG00180	EUR	EUR	1.0	-15.7759	165.131	-13.4815	-14.2588	3.30367	-36.5393	-113.727	-5.67425
HG00181	EUR	EUR	1.0	-2.30164	173.014	-4.29885	-11.0697	10.2606	-35.9792	-88.3917	-2.50473
HG00182	EUR	EUR	1.0	-15.7043	160.509	-20.1858	-14.9073	-1.07496	-31.516	-118.03	-0.00239767
HG00183	EUR	EUR	1.0	-18.3845	164.027	-14.4975	-9.02585	-0.726552	-29.5412	-117.995	-3.23004
HG00185	EUR	EUR	1.0	-20.9767	158.193	-11.5926	-12.425	1.60036	-31.32	-118.575	-2.1851
HG00186	EUR	EUR	1.0	-16.7857	164.363	-17.7502	-10.1222	6.94033	-37.4774	-118.944	1.51372
HG00187	EUR	EUR	1.0	-18.0365	158.105	-16.8824	-12.1452	8.99103	-33.1364	-115.733	2.23194
HG00188	EUR	EUR	1.0	-11.9567	168.455	-13.89	-15.0541	6.4054	-35.9061	-114.481	2.13052
HG00189	EUR	EUR	1.0	-18.705	163.721	-13.8243	-14.0285	4.94486	-34.841	-116.083	1.87145
HG00190	EUR	EUR	1.0	-8.54952	175.09	-10.8939	-13.1095	3.84042	-31.9727	-112.605	10.6467
HG00231	EUR	EUR	1.0	4.99765	200.434	-11.8886	-14.4501	11.0609	-38.3599	-88.2296	9.33764
HG00232	EUR	EUR	1.0	8.14069	204.305	-13.4672	-7.76996	13.8631	-40.3972	-97.2337	12.0234
HG00233	EUR	EUR	1.0	11.6888	201.583	-6.10642	-7.97747	12.4951	-46.1796	-95.9313	14.7984
HG00234	EUR	EUR	1.0	4.50329	203.481	-7.60467	-6.77179	10.9817	-44.866	-96.9266	12.461
HG00235	EUR	EUR	1.0	6.90744	200.332	-9.76249	-15.0376	13.7466	-44.6728	-92.7758	9.01881
HG00236	EUR	EUR	1.0	11.993	200.03	-8.02327	-16.2682	17.5105	-49.6365	-97.8346	4.81821
HG00237	EUR	EUR	1.0	6.40904	199.541	-5.62026	-15.4452	12.1361	-39.485	-94.0682	5.4472
HG00238	EUR	EUR	1.0	4.52693	195.068	-10.4005	-6.74321	11.9952	-38.4925	-97.1495	10.9789
HG00239	EUR	EUR	1.0	8.56407	205.713	-8.90494	-10.5783	16.3668	-41.431	-99.2866	12.1774
HG00240	EUR	EUR	1.0	4.66878	197.648	-11.1659	-8.44229	9.6584	-41.658	-96.5209	11.5379
HG00242	EUR	EUR	1.0	6.05321	197.874	-13.6641	-11.7977	15.756	-44.7413	-100.166	8.16254
HG00243	EUR	EUR	1.0	3.63807	200.41	-12.6698	-12.7855	11.0252	-40.4819	-99.4266	16.0895
HG00244	EUR	EUR	1.0	6.58654	202.75	-12.7063	-6.66386	14.9538	-41.4223	-93.1566	8.10612
HG00245	EUR	EUR	1.0	8.58184	198.043	-9.1883	-15.7586	17.3932	-48.5801	-95.7027	16.308
HG00246	EUR	EUR	1.0	4.36939	197.163	-11.0597	-7.42959	13.4095	-42.6936	-94.2783	13.206
HG00247	EUR	EUR	1.0	5.34918	198.228	-13.062	-11.0914	14.7209	-44.8831	-89.2432	10.1962
HG00248	EUR	EUR	1.0	6.25915	201.735	-12.667	-8.41143	12.5005	-41.0419	-93.3831	10.6933
HG00249	EUR	EUR	1.0	2.67661	197.579	-10.3057	-8.64134	19.0348	-45.9946	-98.7974	7.15493
NA12761	EUR	EUR	1.0	6.3454	200.236	-10.6014	-11.9856	14.9163	-44.1844	-102.19	13.0391
NA12762	EUR	EUR	1.0	7.35191	204.626	-11.1899	-12.9753	11.0002	-43.7618	-95.6693	10.8904
NA12763	EUR	EUR	1.0	7.17644	196.467	-8.04891	-12.9757	14.8697	-44.4532	-91.1535	14.0692
NA12766	EUR	EUR	1.0	4.50038	203.204	-15.6866	-10.6891	10.7311	-44.1182	-97.579	13.6933
NA12767	EUR	EUR	1.0	2.95717	208.089	-11.762	-17.5253	15.4344	-44.2651	-99.4964	13.5702
NA12775	EUR	EUR	1.0	4.53434	207.503	-14.8117	-12.5587	11.215	-39.2331	-96.6539	12.1642
NA12776	EUR	EUR	1.0	4.86838	196.445	-15.1003	-12.0236	15.0706	-45.4317	-101.347	14.7061
NA12777	EUR	EUR	1.0	4.76824	205.846	-5.77709	-13.8985	17.6504	-45.5851	-95.5454	12.8906
NA12778	EUR	EUR	1.0	5.75381	206.256	-12.897	-18.8371	16.6217	-44.9548	-95.9821	7.90902
NA12801	EUR	EUR	1.0	7.36876	200.581	-11.046	-13.4911	11.7337	-41.1957	-91.1901	5.20873
NA12802	EUR	EUR	1.0	4.41903	197.85	-14.0163	-5.85451	10.6183	-39.8191	-101.827	10.8818
NA12812	EUR	EUR	1.0	8.52495	200.847	-7.52786	-13.7678	13.7073	-44.1993	-97.5345	7.31882
NA12813	EUR	EUR	1.0	5.35606	200.603	-10.6207	-11.4103	9.85674	-40.721	-88.8589	10.5212
NA12814	EUR	EUR	1.0	8.7655	200.327	-13.9902	-12.9962	13.1281	-45.8296	-100.404	12.5257
NA12815	EUR	EUR	1.0	4.78232	196.809	-11.4651	-6.58566	14.283	-44.0117	-98.313	9.48781
NA12817	EUR	EUR	1.0	9.8418	201.627	-11.2728	-7.58806	19.6901	-45.9389	-97.4508	14.3346
NA12818	EUR	EUR	1.0	5.89969	200.191	-13.1014	-13.204	17.4192	-45.1008	-91.4128	8.73054
NA12827	EUR	EUR	1.0	6.23491	201.03	-15.7255	-5.60496	15.2717	-43.3536	-104.235	11.1107
NA12828	EUR	EUR	1.0	6.41013	197.896	-9.75944	-11.0687	16.8217	-46.3557	-94.1897	13.3311
NA12829	EUR	EUR	1.0	9.32403	202.129	-8.39024	-13.0738	18.0572	-46.4093	-91.948	10.2004
NA12830	EUR	EUR	1.0	6.18282	199.093	-14.4296	-15.2309	12.8716	-43.257	-92.3039	11.3349
NA12832	EUR	EUR	1.0	4.38896	201.835	-9.44268	-18.2722	16.1888	-43.1877	-98.9959	5.70352
NA12842	EUR	EUR	1.0	6.57027	204.27	-8.55768	-15.4697	14.2855	-42.8421	-100.728	5.27556
NA12843	EUR	EUR	1.0	2.02975	195.997	-12.3618	-16.8185	11.9615	-39.4149	-96.1811	11.6547
NA12864	EUR	EUR	1.0	-0.283749	195.062	-14.4187	-11.2462	14.6347	-41.8632	-97.1784	7.98104
NA12865	EUR	EUR	1.0	5.83806	198.175	-12.2585	-8.50785	9.95108	-40.6715	-106.214	9.94179
NA12872	EUR	EUR	1.0	3.80774	194.861	-9.25041	-11.6698	12.5808	-43.2209	-97.0375	10.3804
NA12873	EUR	EUR	1.0	2.17267	197.655	-10.7296	-12.1488	12.2355	-41.0184	-99.5048	11.0827
NA12874	EUR	EUR	1.0	9.70159	197.132	-11.8072	-11.5739	14.9543	-42.4243	-103.289	14.6182
NA12875	EUR	EUR	1.0	3.07351	197.648	-10.5365	-8.56979	12.5179	-43.9984	-105.456	9.22179
NA12877	EUR	EUR	1.0	8.56021	200.181	-7.12408	-13.5377	11.1281	-44.0085	-87.1283	15.4581
NA12878	EUR	EUR	1.0	7.07199	199.105	-16.8615	-16.6272	10.6369	-41.1775	-97.5791	14.124
NA12889	EUR	EUR	1.0	10.2026	202.284	-9.24262	-12.9832	12.1551	-44.4741	-83.3142	13.4645
NA12890	EUR	EUR	1.0	4.09673	197.996	-10.3243	-11.7016	11.5075	-44.459	-98.1365	17.0687
NA12891	EUR	EUR	1.0	4.81487	200.222	-15.5585	-12.3786	15.5966	-42.6957	-103.36	14.2512
NA12892	EUR	EUR	1.0	10.9276	199.791	-15.1616	-17.0543	13.3651	-44.6698	-92.8248	10.2875
NA18484	AFR	AFR	1.0	483.937	-220.015	-11.6692	-17.4528	118.565	115.598	-32.9344	-9.37133
NA18485	AFR	AFR	1.0	485.814	-224.728	-14.3541	-16.9794	118.212	110.551	-35.4733	-5.61543
NA18486	AFR	AFR	1.0	483.801	-222.591	-13.5751	-17.1377	112.509	109.581	-33.5771	-4.84356
NA18487	AFR	AFR	1.0	484.633	-220.152	-13.8339	-17.5106	120.96	113.394	-32.6657	-6.69679
NA18488	AFR	AFR	1.0	487.046	-221.116	-13.1655	-16.7549	117.94	113.091	-34.0357	-9.59479
NA18489	AFR	AFR	1.0	483.732	-223.987	-12.5862	-13.465	118.362	111.426	-31.4696	-3.82791
NA18497	AFR	AFR	1.0	480.659	-223.327	-13.3793	-16.6656	116.775	108.947	-33.2428	-7.33697
NA18498	AFR	AFR	1.0	481.408	-219.363	-11.2387	-17.8907	115.475	107.302	-36.3538	-7.16469
NA18499	AFR	AFR	1.0	483.279	-225.66	-15.1059	-19.8671	118.506	112.059	-26.364	-5.87761
NA18500	AFR	AFR	1.0	491.551	-225.134	-12.2678	-16.1916	111.79	111.864	-37.3057	-6.42426
NA18501	AFR	AFR	1.0	491.4	-226.999	-10.5103	-14.5469	112.26	114.261	-37.0558	-17.2448
NA18502	AFR	AFR	1.0	492.431	-223.666	-11.3648	-18.1852	117.181	113.529	-38.6168	-4.54504
NA18503	AFR	AFR	1.0	501.191	-230.537	-13.5264	-15.3104	120.333	115.13	-39.0443	-12.0925
NA18504	AFR	AFR	1.0	491.919	-229.358	-13.272	-17.6276	112.422	110.35	-34.7191	-8.90332
HG01885	AFR	AFR	1.0	452.966	-195.135	-12.9221	-17.7472	99.9078	93.754	-32.3298	-2.98364
HG01886	AFR	AFR	1.0	425.768	-174.186	-16.7674	-12.8646	92.7864	87.9555	-43.6425	-0.838222
HG01887	AFR	AFR	1.0	436.08	-181.609	-17.126	-13.1749	97.597	88.227	-45.8366	-1.20276
HG01888	AFR	AFR	1.0	439.987	-185.706	-12.9636	-17.0157	92.8583	80.7658	-34.0096	-4.5275
HG01889	AFR	AFR	1.0	469.648	-210.498	-13.8615	-15.0188	102.323	98.9765	-32.2986	-9.21002
HG01890	AFR	AFR	1.0	422.597	-171.09	-17.2328	-19.1448	99.3771	81.5715	-45.1503	-1.44853
HG01891	AFR	AFR	1.0	443.925	-192.922	-16.0778	-17.5495	101.676	91.0178	-41.4286	-3.52446
HG01892	AMR	AMR	1.0	-98.4476	-62.8342	-247.933	11.6917	19.6441	-8.91645	-11.4658	-22.8679
HG01893	AMR	AMR	1.0	-45.3545	-34.6716	-194.629	4.58302	28.3125	-16.1585	-13.8423	-15.3048
HG01894	AFR	AFR	1.0	443.365	-188.843	-9.38969	-16.0375	98.4004	89.8018	-39.7432	-3.27496
HG01895	AFR	AFR	1.0	441.576	-186.688	-9.84842	-13.8381	95.1924	91.3964	-40.3374	-5.49337
HG01896	AFR	AFR	1.0	467.516	-212.759	-10.053	-15.6921	99.8654	93.3224	-32.1268	-4.72653
HG01897	AFR	AFR	1.0	464.446	-209.176	-10.0977	-11.1639	100.604	96.2887	-38.6909	-0.710498
HG01898	AMR	AMR	1.0	-64.1133	-43.1737	-214.521	2.46005	24.0895	-13.6532	-14.2648	-21.9127
HG01912	AFR	AFR	1.0	441.624	-182.294	-12.9235	-14.0066	94.2635	93.1733	-42.0898	-9.59372
HG01914	AFR	AFR	1.0	409.252	-155.88	-14.8327	-16.2915	92.0842	76.8808	-44.0402	1.29695
HG01915	AFR	AFR	1.0	444.598	-189.352	-13.7677	-14.8798	100.158	92.4697	-32.569	-10.6151
HG01916	AFR	AFR	1.0	434.471	-180.847	-11.5854	-11.2426	96.5477	86.3456	-38.9752	-2.54539
HG01917	AMR	AMR	1.0	-151.964	-84.3402	-286.315	16.3138	15.1866	-9.63576	-5.85636	-23.4494
HG01918	AMR	AMR	1.0	-138.959	-52.1953	-255.981	11.9704	11.9209	-19.8287	-3.71083	-22.329
HG01919	AMR	AMR	1.0	-143.966	-62.5072	-269.313	16.2536	15.5742	-16.5009	-5.93156	-22.7883
HG01920	AMR	AMR	1.0	-183.107	-116.346	-321.639	25.5049	11.3448	-7.93105	0.304746	-25.3664
HG01921	AMR	AMR	1.0	-140.717	-54.3169	-250.989	17.2806	19.4033	-18.093	-14.2428	-18.3192
HG01922	AMR	AMR	1.0	-159.509	-82.6962	-284.302	19.1747	16.3653	-13.6862	-8.93705	-21.7643
HG01923	AMR	AMR	1.0	-175.274	-109.881	-304.899	19.7167	12.036	-13.2069	1.16661	-23.7775
HG01924	AMR	AMR	1.0	-84.2141	-93.9461	-223.37	9.02305	22.9411	-0.172878	-7.38791	-12.0071
HG01925	AMR	AMR	1.0	-130.233	-106.858	-273.883	18.6298	18.7106	-5.66975	-4.91596	-18.303
HG01926	AMR	AMR	1.0	-191.808	-127.907	-331.139	20.9188	12.6429	-9.27161	4.22818	-22.6479
HG01927	AMR	AMR	1.0	-174.827	-105.778	-313.404	20.8903	11.446	-12.853	-1.39916	-34.2858
HG01928	AMR	AMR	1.0	-188.545	-121.049	-321.382	20.4646	10.8784	-9.2802	-3.44202	-27.4578
HG01932	AMR	AMR	1.0	-143.04	-55.7763	-273.242	18.0354	17.0502	-18.8129	-3.4952	-25.0661
HG01933	AMR	AMR	1.0	-77.1991	-65.8347	-204.706	6.95021	25.4311	-8.95588	-13.3091	-21.5635
HG01934	AMR	AMR	1.0	-112.679	-55.7602	-234.407	13.1158	20.5981	-15.8259	-6.62855	-21.6908
HG01935	AMR	AMR	1.0	-130.951	-44.3846	-247.375	18.9767	19.0174	-19.983	-9.09635	-25.1785
HG01936	AMR	AMR	1.0	-103.01	-30.4102	-217.059	6.24373	18.1161	-19.6576	-16.4798	-18.4771
HG01937	AMR	AMR	1.0	-113.942	-33.9819	-228.805	8.12004	19.4459	-21.0806	-15.631	-21.297
HG01938	AMR	AMR	1.0	-185.705	-130.483	-333.269	18.0074	8.57615	-7.5584	-1.41874	-29.3383
HG01939	AMR	AMR	1.0	-137.536	-55.2561	-262.845	14.2917	14.4673	-19.2653	-13.4372	-13.3553
HG01940	AMR	AMR	1.0	-158.703	-91.0604	-304.929	17.3753	12.0813	-12.2084	-8.3938	-24.6729
HG01941	AMR	AMR	1.0	-123.868	-97.1345	-272.209	17.2056	24.5271	-7.42011	-10.5501	-22.8567
HG01942	AMR	AMR	1.0	-152.533	-75.3507	-282.118	17.2198	15.3323	-12.9442	1.57346	-27.6938
HG01943	AMR	AMR	1.0	-153.905	-89.0839	-286.06	19.3381	16.2002	-9.8549	-4.76428	-27.4004
HG01944	AMR	AMR	1.0	-165.377	-123.52	-136.086	-9.82812	12.3333	-11.6172	0.674027	-0.328733
HG01945	AMR	AMR	1.0	-142.919	-60.0367	-260.449	8.45558	16.5188	-16.9958	-11.5598	-23.5717
HG01946	AMR	AMR	1.0	-154.559	-83.0563	-206.979	-1.13214	13.8296	-13.9676	-6.18583	-18.5371
HG01947	AMR	AMR	1.0	-97.1928	-16.3368	-206.104	2.5912	24.4527	-21.3151	-13.854	-17.322
HG01948	AMR	AMR	1.0	-48.7884	-110.122	-215.195	12.5161	24.8739	5.02113	-6.56477	-17.7823
HG01949	AMR	AMR	1.0	-74.4581	-64.116	-209.748	3.22974	23.9115	-9.21689	-12.9174	-16.7831
HG01950	AMR	AMR	1.0	-134.103	-105.78	-289.523	20.174	19.8851	-5.67205	-3.35504	-23.5053
HG01951	AMR	AMR	1.0	-174.284	-128.652	-324.633	26.9354	11.496	-3.7413	3.48299	-25.8763
NA19160	AFR	AFR	1.0	491.627	-225.308	-14.668	-22.2512	124.174	117.316	-34.2766	-5.59394
NA19161	AFR	AFR	1.0	485.843	-227.778	-14.4592	-19.5044	118.659	115.349	-34.2306	-8.44978
NA19166	AFR	AFR	1.0	486.298	-226.217	-12.5586	-16.7416	110.916	105.681	-35.3214	-2.3167
NA19171	AFR	AFR	1.0	487.13	-225.324	-12.9698	-12.0865	121.569	111.769	-36.7438	-9.03236
NA19172	AFR	AFR	1.0	492.674	-224.764	-13.0306	-16.6691	113.275	114.423	-39.3532	-0.488876
NA19173	AFR	AFR	1.0	487.624	-224.543	-10.9949	-15.3087	114.264	112.721	-42.1567	-8.36842
NA19174	AFR	AFR	1.0	485.103	-217.349	-11.448	-17.2662	121.611	111.47	-28.6437	-3.8327
NA19175	AFR	AFR	1.0	487.109	-226.224	-13.5336	-14.3019	119.094	113.401	-34.415	-10.4989
NA19176	AFR	AFR	1.0	479.286	-223.428	-8.58521	-16.3778	117.535	110.308	-32.8702	-6.54044
NA19177	AFR	AFR	1.0	484.072	-227.481	-11.4013	-14.3086	118.574	110.665	-33.3782	-6.47664
NA19180	AFR	AFR	1.0	485.465	-223.923	-14.5841	-19.8632	110.501	107.758	-37.8783	-9.29765
NA19183	AFR	AFR	1.0	484.983	-226.284	-12.0983	-15.9637	110.838	110.876	-37.9284	-1.82112
NA19184	AFR	AFR	1.0	483.602	-223.871	-16.8602	-19.7794	115.684	110.446	-31.4342	-2.10271
NA19185	AFR	AFR	1.0	490.388	-223.075	-14.9004	-15.567	108.437	106.298	-39.3492	-9.52288
NA19186	AFR	AFR	1.0	489.764	-226.032	-16.1296	-14.9482	115.41	113.697	-36.1017	-4.74686
NA19189	AFR	AFR	1.0	486.395	-220.827	-17.2237	-16.0259	112.8	107.712	-31.9742	-2.17232
NA19190	AFR	AFR	1.0	485.685	-223.748	-9.91789	-14.8464	115.962	113.144	-37.5861	-5.05678
NA19191	AFR	AFR	1.0	484.392	-221.096	-11.7392	-13.7929	115.33	112.201	-34.8537	-5.09853
NA19194	AFR	AFR	1.0	487.493	-221.211	-11.0549	-16.1192	113.409	106.814	-32.454	-7.72691
NA19195	AFR	AFR	1.0	486.82	-220.774	-10.7139	-14.1485	113.084	108.958	-31.9046	-3.29007
NA19196	AFR	AFR	1.0	488.006	-219.943	-10.2259	-15.4443	115.218	112.099	-33.1017	-7.50959
NA19197	AFR	AFR	1.0	484.536	-222.456	-11.935	-16.2208	116.013	108.633	-39.4124	-9.46926
NA19198	AFR	AFR	1.0	489.161	-224.141	-14.2796	-15.4011	117.136	110.422	-37.16	-9.20622
NA19199	AFR	AFR	1.0	487.722	-222.062	-12.3139	-15.9498	117.997	108.065	-40.2266	-9.36711
NA19200	AFR	AFR	1.0	485.519	-223.825	-13.5214	-15.4896	113.693	110.542	-38.0753	-6.65516
NA19201	AFR	AFR	1.0	495.104	-224.94	-15.4178	-15.118	124.267	116.239	-35.1167	-12.0339
NA19202	AFR	AFR	1.0	492.354	-225.73	-12.4888	-18.265	116.233	112.678	-41.1013	-8.42555
NA19203	AFR	AFR	1.0	490.273	-225.294	-15.3059	-16.1966	117.949	114.106	-37.8475	-9.71794
NA19204	AFR	AFR	1.0	488.341	-227.966	-17.1203	-19.5309	116.305	112.941	-40.846	-12.0913
NA19205	AFR	AFR	1.0	492.117	-224.033	-17.5282	-16.2498	116.496	112.25	-40.589	-6.94064
NA19206	AFR	AFR	1.0	493.152	-226.376	-16.0285	-14.7597	122.976	113.944	-36.4598	-11.578
NA19207	AFR	AFR	1.0	491.359	-228.832	-12.4634	-20.0192	119.268	108.956	-29.5791	-5.81308
NA19208	AFR	AFR	1.0	494.23	-229.685	-15.7554	-17.903	119.583	111.202	-32.6499	-8.116
NA19209	AFR	AFR	1.0	487.089	-223.547	-14.4453	-19.3315	118.142	112.201	-32.4641	-10.4059
NA19210	AFR	AFR	1.0	487.488	-221.583	-12.8789	-18.6465	111.216	117.959	-35.3171	-5.45996
NA19211	AFR	AFR	1.0	490.489	-222.221	-15.0934	-20.5992	111.579	113.942	-35.4447	-8.32586
NA19213	AFR	AFR	1.0	485.659	-221.727	-13.2865	-14.8697	114.276	103.497	-35.4865	-13.2514
NA19214	AFR	AFR	1.0	484.9	-223.79	-15.5371	-17.9211	107.37	109.549	-28.2119	-10.7663
NA19215	AFR	AFR	1.0	489.349	-222.541	-14.1225	-18.3245	111.348	109.107	-33.9803	-9.68217
NA19221	AFR	AFR	1.0	490.337	-225.868	-11.2989	-17.465	115.849	117.055	-37.285	-8.51362
NA19222	AFR	AFR	1.0	491.217	-229.064	-11.7992	-20.8282	115.786	117.186	-36.9543	-15.1712
NA19223	AFR	AFR	1.0	488.708	-225.28	-10.5875	-14.3058	112.297	108.965	-31.9581	-5.87502
NA19224	AFR	AFR	1.0	488.802	-225.194	-10.8208	-16.3512	118.227	108.753	-38.3133	-0.910724
NA19225	AFR	AFR	1.0	483.953	-225.663	-13.3764	-16.9737	117.976	106.848	-33.4372	-2.8392
NA19226	AFR	AFR	1.0	483.059	-225.871	-11.4705	-15.379	117.719	109.097	-39.6138	-7.76673
NA19235	AFR	AFR	1.0	489.85	-225.994	-14.9795	-17.7929	113.326	107.439	-34.5919	-8.59365
NA19236	AFR	AFR	1.0	492.22	-223.881	-11.532	-14.6384	111.375	108.027	-34.7322	-13.1402
NA19237	AFR	AFR	1.0	494.094	-225.955	-13.6603	-14.9515	109.878	107.214	-34.4926	-11.9433
NA19238	AFR	AFR	1.0	485.295	-223.156	-14.8887	-15.503	119.338	109.266	-30.4652	-12.5528
NA19239	AFR	AFR	1.0	493.977	-226.541	-13.8448	-19.8285	115.159	113.836	-40.3962	-10.546
HG02283	AFR	AFR	1.0	388.894	-141.709	-13.4029	-19.3721	85.2121	67.7671	-40.9652	-5.51686
HG02284	AFR	AFR	1.0	407.927	-155.196	-7.90006	-17.9636	94.0961	74.8334	-42.7213	-6.91431
HG02285	AMR	AMR	1.0	-140.923	-67.1994	-266.967	13.8448	15.3228	-11.69	-10.1461	-18.8724
HG02286	AMR	AMR	1.0	-132.392	-50.4782	-249.931	10.8087	16.7158	-15.8278	-12.5833	-27.0105
HG02287	AMR	AMR	1.0	-138.282	-58.9369	-255.791	11.6276	17.9228	-13.7668	-12.4937	-23.5511
HG02291	AMR	AMR	1.0	-182.232	-122.721	-318.922	22.2078	11.718	-9.17474	3.16774	-27.4058
HG02292	AMR	AMR	1.0	-163.56	-80.667	-286.59	18.2523	12.502	-14.7874	-7.07704	-26.8951
HG02293	AMR	AMR	1.0	-170.575	-100.624	-300.19	15.2001	13.1909	-11.4391	2.54485	-25.0648
HG02298	AMR	AMR	1.0	-102.401	-5.535	-201.148	11.9797	21.0922	-25.1036	-27.3827	-13.7358
HG02299	AMR	AMR	1.0	-161.642	-84.9374	-284.097	19.0425	16.0794	-12.9314	-8.44742	-27.4006
HG02300	AMR	AMR	1.0	-130.308	-37.8203	-236.059	15.3152	20.32	-21.5177	-19.7093	-20.6093
HG02301	AMR	AMR	1.0	-145.785	-69.2117	-275.379	18.925	12.0855	-18.0339	-9.27548	-25.6799
HG02302	AMR	AMR	1.0	-100.565	-6.95227	-201.605	9.7714	20.9678	-26.0532	-24.8056	-24.8146
HG02303	AMR	AMR	1.0	-121.174	-37.4066	-234.801	14.6961	18.7492	-24.7729	-17.9904	-28.3956
HG02307	AFR	AFR	1.0	449.831	-193.511	-16.3692	-10.9528	96.7348	95.8377	-32.3198	-10.0807
HG02308	AFR	AFR	1.0	434.159	-176.857	-13.536	-17.9121	96.2638	89.2145	-41.4426	-2.74887
HG02309	AFR	AFR	1.0	434.032	-179.105	-17.7482	-14.5398	96.3257	86.6184	-37.4883	1.26901
HG02314	AFR	AFR	1.0	452.642	-190.371	-11.8453	-13.7711	102.626	90.4059	-42.4088	-7.7291
HG02315	AFR	AFR	1.0	421.478	-167.969	-16.5343	-13.1283	91.9671	84.7072	-40.845	-6.77171
HG02316	AFR	AFR	1.0	454.471	-196.92	-11.3052	-17.177	105.026	94.0729	-38.7872	-6.34495
HG02317	AFR	AFR	1.0	458.812	-199.36	-10.9204	-15.9291	105.746	98.3397	-37.1888	-11.4557
HG02318	AFR	AFR	1.0	457.383	-202.388	-9.05971	-16.196	97.748	90.5145	-34.0103	-4.35267
HG02321	AFR	AFR	1.0	435.081	-178.413	-11.6752	-17.6247	98.2495	88.4896	-44.166	-4.533
HG02322	AFR	AFR	1.0	423.104	-167.184	-11.4409	-11.8964	97.818	85.564	-39.7697	-2.0756
HG02323	AFR	AFR	1.0	450.743	-191.711	-9.28751	-14.8756	95.94	89.2395	-42.9122	-3.86952
HG02325	AFR	AFR	1.0	467.842	-214.58	-11.5926	-16.5209	96.3821	99.6423	-33.8135	-5.03044
HG02330	AFR	AFR	1.0	435.47	-180.449	-13.0473	-18.2634	94.6783	86.0725	-39.561	-5.02626
HG02332	AFR	AFR	1.0	441.01	-180.705	-13.7103	-16.0648	101.796	88.792	-38.7679	-0.031613
HG02334	AFR	AFR	1.0	364.245	-119.632	-10.9304	-12.8483	84.3422	60.9643	-48.417	-9.67367
HG02337	AFR	AFR	1.0	428.825	-174.218	-15.1012	-16.6968	86.8133	80.6148	-34.1085	0.534068
HG02339	AFR	AFR	1.0	472.856	-210.391	-17.1627	-11.7934	102.964	92.7393	-34.404	-6.12343
HG02343	AFR	AFR	1.0	378.423	-129.105	-13.0117	-11.4736	78.3451	60.631	-44.8277	-0.213786
HG02351	EAS	EAS	1.0	-184.908	-188.62	96.1103	-35.5148	9.75234	-5.27264	18.4943	43.2787
HG02353	EAS	EAS	1.0	-185.716	-192.985	97.3804	-42.0198	7.13758	-8.09767	21.6533	42.4708
HG02355	EAS	EAS	1.0	-189.128	-190.509	97.4137	-38.806	7.66531	-8.5348	19.9473	42.1744
HG02356	EAS	EAS	1.0	-190.985	-194.144	98.7074	-40.8667	9.42448	-8.10737	20.6315	41.3365
HG02360	EAS	EAS	1.0	-187.677	-192.882	94.3225	-40.6135	10.6074	-5.40562	23.2769	44.3911
HG02363	EAS	EAS	1.0	-189.696	-193.37	97.4263	-44.8605	6.51911	-8.25228	21.8271	45.5043
HG02364	EAS	EAS	1.0	-183.347	-198.084	95.1135	-35.409	10.0181	-6.31041	22.2959	45.435
HG02367	EAS	EAS	1.0	-187.629	-192.575	95.0806	-41.2748	7.83444	-7.50572	17.356	44.9049
HG02371	EAS	EAS	1.0	-188.66	-190.815	99.0896	-39.4881	13.9148	-10.1944	19.3984	46.2185
HG02372	EAS	EAS	1.0	-189.093	-193.496	97.0367	-42.706	15.2461	-12.3577	19.0861	43.8743
HG02373	EAS	EAS	1.0	-186.649	-193.67	94.4845	-41.4882	10.6035	-7.41691	23.8329	42.4944
HG02374	EAS	EAS	1.0	-189.326	-186.067	99.3768	-39.8733	12.0994	-6.14239	21.9358	45.9323
HG02375	EAS	EAS	1.0	-186.858	-192.997	98.8694	-43.9132	7.59537	-7.28493	20.978	45.4681
HG02377	EAS	EAS	1.0	-188.511	-191.202	93.4507	-36.128	9.68017	-11.4979	17.7589	37.9424
HG02379	EAS	EAS	1.0	-186.489	-187.732	94.7637	-36.9345	8.74447	-9.96975	21.8122	43.6268
HG02380	EAS	EAS	1.0	-189.219	-195.758	97.5483	-37.1024	16.1341	-9.90323	23.125	44.5381
HG02381	EAS	EAS	1.0	-188.291	-195.0	99.3314	-43.0104	10.5011	-5.44104	20.8058	41.6641
HG02382	EAS	EAS	1.0	-187.849	-191.691	99.786	-40.5464	12.2849	-6.2551	20.825	43.3184
HG01384	EUR	EUR	1.0	-3.67736	103.082	-74.9425	-0.0683435	35.6646	-38.5661	-35.7466	2.68269
HG01385	EUR	EUR	1.0	-10.7206	106.64	-79.8122	-5.61301	31.5327	-38.8602	-40.4688	-5.09023
HG01389	EUR	EUR	1.0	14.5552	132.848	-51.5837	-4.415	36.7006	-42.5566	-45.9758	3.7571
HG01390	Unknown	SAS	0.5066694915440793	87.2078	-11.8901	-105.215	-4.78912	49.1662	-4.94672	-27.8853	-6.52937
HG01391	Unknown	GME	0.7049130216643205	52.3086	52.7984	-86.3575	-5.93429	44.3343	-24.5932	-38.8501	1.36126
HG01401	Unknown	EUR	0.594918530360196	53.4483	86.6647	-56.0471	-3.11414	41.1066	-28.3042	-41.8394	0.0932577
HG01437	EUR	EUR	1.0	-2.59781	157.977	-39.6419	-15.001	32.6141	-48.2208	-54.1275	3.6811
HG01438	EUR	EUR	1.0	14.0392	188.136	-16.8694	-9.46704	30.9236	-49.087	-59.4759	7.92668
HG01439	EUR	EUR	1.0	7.56805	179.575	-24.1297	-11.9581	33.9621	-50.9205	-56.3005	6.96835
HG01440	Unknown	EUR	0.49338315816299544	53.7473	57.3454	-87.0482	-6.38201	33.4882	-23.7716	-39.4405	-2.65433
HG01441	Unknown	SAS	0.49143455749760556	-57.7258	51.7168	-131.809	-0.279276	22.9276	-29.3538	-31.352	-9.37627
HG01442	EUR	EUR	0.9015666106645512	-37.1805	76.7282	-105.032	-5.92923	24.7792	-33.8641	-34.2726	-9.0067
HG01455	Unknown	EUR	0.485069190345055	-51.3423	51.1823	-135.267	2.75684	29.7814	-31.4132	-35.8604	-7.56969
HG01456	Unknown	EUR	0.6905273679451377	-38.0803	52.6291	-131.076	1.68713	26.9828	-30.6017	-32.4033	-12.967
HG01457	Unknown	SAS	0.37833733857102886	-48.1598	46.7747	-144.297	2.83187	30.1251	-31.6853	-30.306	-8.68923
HG01461	Unknown	SAS	0.6892822253651864	23.3388	3.0003	-130.874	2.56103	40.0474	-12.7566	-29.0783	-8.84471
HG01462	Unknown	SAS	0.6155540837313936	84.4807	-26.6029	-109.405	-1.10657	45.1111	1.40506	-27.7139	-5.98677
HG01463	Unknown	SAS	0.7027799214319771	56.2263	-16.4053	-126.694	-0.958719	43.6372	-6.09107	-31.4011	-5.175
HG01464	Unknown	SAS	0.7029938786589848	41.1021	16.1368	-110.19	2.66989	37.4245	-16.1731	-28.9433	-6.07828
HG01465	EUR	EUR	1.0	-11.1528	130.64	-62.509	-11.9428	36.6533	-47.0178	-39.0873	0.0950894
HG01466	EUR	EUR	0.901977273484434	17.6593	63.7708	-88.4535	-3.31572	37.5203	-27.26	-31.9315	-2.31044
HG01488	EUR	EUR	0.8904891150586991	58.8234	87.8683	-49.3994	-10.8539	39.1273	-24.5082	-51.6624	0.474333
HG01489	EUR	EUR	1.0	-1.38924	155.872	-44.9951	-12.1596	25.7927	-42.2659	-45.7393	6.87131
HG01490	EUR	EUR	1.0	32.9386	134.34	-39.5415	-17.1265	31.9786	-33.1693	-53.6994	6.15886
HG01491	EUR	EUR	1.0	-6.98139	148.538	-54.6703	-4.96396	34.8952	-41.8151	-47.2738	5.82389
HG01492	EUR	EUR	1.0	-12.2627	127.023	-69.5463	-11.7207	29.4376	-40.2976	-42.7446	1.56856
HG01493	EUR	EUR	1.0	-2.17651	142.656	-59.8539	-11.7734	31.7492	-40.7981	-44.929	7.64236
HG01494	Unknown	SAS	0.6723299488026551	-21.6061	20.7782	-134.78	0.185379	31.1282	-22.3134	-26.1351	-13.7393
HG01495	Unknown	SAS	0.6922753465149595	-8.23281	21.2225	-126.975	1.54453	35.645	-25.155	-35.2116	-2.93364
HG01496	Unknown	SAS	0.6780828278265186	-12.0573	12.8817	-131.389	-1.82825	35.2202	-20.1669	-27.728	-14.8653
HG01497	EUR	EUR	0.8998723458619681	-35.745	66.269	-123.652	-0.367952	30.095	-33.9532	-31.7497	-1.84604
HG01498	EUR	EUR	0.8999242042263577	-30.287	65.0621	-115.79	-5.48124	32.576	-34.5742	-33.2343	-10.834
HG01499	EUR	EUR	0.8978264846465284	-35.3166	58.5364	-120.802	-4.22615	33.2585	-36.2095	-31.5552	-9.14166
HG01500	EUR	EUR	1.0	23.1488	193.775	0.829545	-20.8796	32.5089	-54.1467	-61.8322	11.8931
HG01501	EUR	EUR	1.0	27.4377	192.843	-0.669564	-22.3361	40.7537	-57.1653	-65.2505	11.465
HG01502	EUR	EUR	1.0	25.8577	194.738	-0.431345	-21.6174	36.0447	-58.6084	-68.3122	15.0243
HG01503	EUR	EUR	1.0	17.9962	203.606	-1.71767	-15.4448	32.4997	-55.6882	-67.7469	10.8553
HG01504	EUR	EUR	1.0	21.2677	198.354	2.47715	-16.4687	37.0535	-59.6362	-62.6445	15.0709
HG01505	EUR	EUR	1.0	16.8737	201.737	1.75488	-15.8929	32.997	-58.0207	-62.9807	10.7415
HG01506	EUR	EUR	1.0	23.611	201.597	-0.826983	-16.0108	35.9428	-56.0893	-62.8301	14.6094
HG01507	EUR	EUR	1.0	19.1275	199.011	-1.92961	-15.4723	37.9912	-58.634	-68.9373	13.6857
HG01508	EUR	EUR	1.0	17.006	201.585	-2.69334	-14.1241	35.8864	-58.9579	-63.8371	19.298
HG01509	EUR	EUR	1.0	28.6561	198.8	0.456713	-14.9047	37.3372	-48.4851	-47.5383	10.6282
HG01510	EUR	EUR	1.0	20.9926	202.233	-5.72017	-12.762	29.7756	-58.3588	-60.0509	12.0398
HG01511	EUR	EUR	1.0	25.9659	205.143	-2.602	-14.6157	29.4482	-49.9846	-56.4092	12.1901
HG01512	EUR	EUR	1.0	15.939	205.124	-6.41041	-12.1712	30.0549	-54.9248	-80.8349	15.4424
HG01513	EUR	EUR	1.0	16.4403	202.168	-1.55684	-9.67247	36.5248	-64.4303	-78.0611	13.0453
HG01514	EUR	EUR	1.0	12.6579	199.102	-0.690768	-11.6016	32.5306	-60.7557	-81.757	15.5795
HG01515	EUR	EUR	1.0	12.2913	208.119	1.81415	-20.4931	32.3736	-65.5543	-86.0118	12.7625
HG01516	EUR	EUR	1.0	15.7545	209.94	-3.96954	-14.8291	37.8263	-66.3275	-92.0551	22.0386
NA19240	AFR	AFR	1.0	489.756	-226.414	-15.2425	-18.2524	116.153	110.506	-35.6511	-10.1127
NA19247	AFR	AFR	1.0	486.177	-223.06	-12.0661	-18.0756	120.44	115.324	-31.0963	-10.7595
NA19248	AFR	AFR	1.0	487.914	-222.957	-14.7854	-8.68403	119.496	113.534	-36.5957	-11.0523
NA19249	AFR	AFR	1.0	485.218	-221.783	-12.8323	-12.777	120.66	117.146	-36.5758	-9.59282
NA19252	AFR	AFR	1.0	487.649	-226.868	-9.89505	-13.6119	110.916	106.26	-31.5171	-11.3125
NA19254	AFR	AFR	1.0	489.308	-220.454	-14.4366	-14.3093	115.756	107.867	-34.4501	-10.6604
NA19256	AFR	AFR	1.0	486.397	-225.539	-15.5814	-13.4527	113.963	109.478	-34.0001	-5.75093
NA19257	AFR	AFR	1.0	486.446	-223.637	-12.1198	-17.6387	110.286	106.202	-35.4934	-6.47316
NA19258	AFR	AFR	1.0	486.466	-226.336	-15.9311	-16.7796	114.466	107.326	-33.6044	-8.70595
NA19307	AFR	AFR	1.0	451.804	-200.105	-8.66788	-14.2047	69.958	66.1084	-11.8715	-6.05366
NA19308	AFR	AFR	1.0	457.225	-201.581	-12.5371	-11.3766	68.332	64.5673	-11.1705	-9.97362
NA19309	AFR	AFR	1.0	457.135	-201.994	-8.48246	-11.3011	64.4234	67.4162	-13.6147	-9.91128
NA19310	AFR	AFR	1.0	460.62	-209.269	-9.58859	-10.4296	72.9497	68.8075	-10.8227	-8.55334
NA19311	AFR	AFR	1.0	443.548	-194.086	-6.22586	-12.4479	71.4048	63.8114	-7.92353	-4.57453
NA19312	AFR	AFR	1.0	456.839	-203.717	-15.977	-14.2761	70.0477	68.7085	-8.58038	-13.1432
NA19313	AFR	AFR	1.0	450.465	-197.66	-8.39233	-10.1088	69.8539	68.6619	-10.7396	-13.4796
NA19314	AFR	AFR	1.0	441.629	-190.961	-7.9728	-10.9754	63.7276	60.3532	-7.1654	-13.7933
NA19315	AFR	AFR	1.0	448.78	-194.374	-14.6638	-15.4043	67.8741	65.1192	-7.01191	-13.5977
NA19316	AFR	AFR	1.0	450.425	-198.064	-10.5749	-7.84672	68.6222	62.836	-6.55697	-5.99679
NA19317	AFR	AFR	1.0	463.454	-208.11	-9.22664	-13.239	63.3755	67.0206	-12.8567	-3.35141
NA19318	AFR	AFR	1.0	456.118	-203.634	-6.08235	-12.8614	72.2477	67.2299	-11.323	-8.61247
NA19319	AFR	AFR	1.0	453.514	-199.23	-8.94689	-14.0785	74.1584	66.228	-13.2125	-10.851
NA19320	AFR	AFR	1.0	455.683	-201.026	-7.13686	-13.5692	70.8652	72.5838	-11.9485	-7.0842
NA19321	AFR	AFR	1.0	452.741	-201.988	-10.2697	-16.3758	67.4129	62.4754	-13.0374	-11.0356
NA19323	AFR	AFR	1.0	441.521	-190.474	-4.06145	-14.6386	69.0946	66.833	-4.40418	-9.69755
NA19324	AFR	AFR	1.0	455.849	-204.422	-10.4745	-14.9049	71.6618	67.8455	-11.084	-7.5344
NA19327	AFR	AFR	1.0	440.942	-191.118	-7.39937	-14.4958	64.0739	50.778	0.368527	-11.7074
NA19328	AFR	AFR	1.0	458.735	-202.612	-11.2629	-11.5163	70.4292	67.3719	-17.7407	-12.342
NA19331	AFR	AFR	1.0	451.27	-200.158	-10.9983	-10.159	64.9772	64.0973	-8.01403	-6.94426
NA19332	AFR	AFR	1.0	453.748	-202.316	-7.04493	-10.1764	71.4032	64.3882	-10.5569	-8.70868
NA19334	AFR	AFR	1.0	452.634	-200.129	-8.5607	-10.7241	69.6933	68.5891	-9.65201	-8.77071
NA19338	AFR	AFR	1.0	450.516	-198.543	-11.5637	-12.5121	72.5777	68.0336	-12.1111	-2.22375
NA19346	AFR	AFR	1.0	462.397	-205.57	-10.241	-11.3312	73.8509	70.0745	-14.9036	-11.5581
NA19347	AFR	AFR	1.0	450.567	-195.419	-7.1912	-11.4384	75.6626	63.4984	-4.69808	-11.4419
NA19350	AFR	AFR	1.0	452.814	-202.008	-12.4463	-19.5251	68.1919	66.906	-14.2231	-9.95487
NA19351	AFR	AFR	1.0	458.129	-206.658	-10.2039	-15.2254	76.5876	67.6638	-11.7983	-7.8497
NA19352	AFR	AFR	1.0	457.177	-199.354	-8.33206	-14.4594	76.026	67.5105	-10.6964	-11.3803
NA19355	AFR	AFR	1.0	451.158	-197.861	-12.2709	-7.46065	64.391	57.4665	-13.7849	-8.11871
NA19359	AFR	AFR	1.0	457.869	-205.845	-8.5788	-13.0529	73.0961	70.6589	-7.66621	-13.1865
NA19360	AFR	AFR	1.0	455.477	-203.061	-7.37007	-14.5772	71.3182	69.5154	-11.7038	-7.11989
NA19371	AFR	AFR	1.0	450.761	-205.291	-8.40142	-14.946	68.9686	63.3272	-9.06983	-14.0535
NA19372	AFR	AFR	1.0	459.536	-205.683	-8.68814	-13.3009	70.4708	66.4176	-10.5676	-8.36378
NA19373	AFR	AFR	1.0	452.184	-199.351	-12.4857	-14.0404	58.7844	56.9686	-3.93731	-9.66641
NA19374	AFR	AFR	1.0	448.3	-198.371	-10.97	-15.6456	62.1139	58.9592	-5.00284	-13.5366
NA19375	AFR	AFR	1.0	449.857	-195.862	-13.7248	-13.7287	69.5049	64.1204	-10.0393	-1.86893
NA19376	AFR	AFR	1.0	463.684	-208.555	-8.31495	-9.21036	64.4116	61.0641	-10.2923	-11.4157
NA19377	AFR	AFR	1.0	457.969	-199.343	-10.1728	-12.8397	73.248	67.6635	-14.9903	-4.32952
NA19378	AFR	AFR	1.0	455.455	-201.423	-8.54869	-12.512	73.2003	60.5019	-11.4284	-9.26003
NA19379	AFR	AFR	1.0	459.149	-199.513	-7.18336	-11.8055	68.7839	65.468	-8.89764	-4.82258
NA19380	AFR	AFR	1.0	443.771	-199.313	-6.66794	-12.4432	64.0678	64.3434	-9.42191	-9.612
NA19095	AFR	AFR	1.0	488.733	-224.857	-14.3111	-14.816	113.633	111.524	-34.9697	-8.08573
NA19096	AFR	AFR	1.0	486.698	-226.586	-15.6728	-16.3551	116.906	115.439	-34.4772	-10.3837
NA19097	AFR	AFR	1.0	482.922	-224.546	-15.1411	-14.1037	115.138	112.012	-35.1405	-10.7633
NA19098	AFR	AFR	1.0	484.475	-223.861	-11.7487	-15.7687	117.009	108.59	-35.4606	-10.9524
NA19099	AFR	AFR	1.0	495.722	-226.903	-13.683	-17.6192	115.238	112.062	-39.9614	-9.97949
NA19100	AFR	AFR	1.0	495.529	-228.806	-11.9632	-19.8275	115.206	112.499	-38.3926	-13.4892
NA19101	AFR	AFR	1.0	487.861	-226.682	-9.81112	-16.1695	115.311	115.027	-37.0448	-3.47063
NA19102	AFR	AFR	1.0	494.473	-227.405	-14.4973	-18.9006	113.982	114.291	-35.5077	-11.6151
NA19103	AFR	AFR	1.0	491.288	-228.482	-13.1687	-15.1356	114.197	112.943	-39.5352	-7.85664
NA19104	AFR	AFR	1.0	484.667	-223.202	-14.3654	-19.0912	118.316	116.449	-34.5744	-9.06885
NA19105	AFR	AFR	1.0	488.103	-222.942	-15.4263	-17.3218	118.227	109.701	-32.964	-0.313656
NA19107	AFR	AFR	1.0	485.47	-219.742	-13.0758	-19.01	117.84	112.866	-35.8663	-10.0236
NA19108	AFR	AFR	1.0	485.765	-222.937	-14.0543	-13.9072	110.361	106.53	-30.3957	-10.048
NA19109	AFR	AFR	1.0	484.055	-222.254	-12.086	-14.7834	117.599	112.704	-31.2299	-11.2168
NA19113	AFR	AFR	1.0	484.237	-225.667	-10.7043	-18.8241	113.551	107.523	-33.8163	-6.6709
NA19114	AFR	AFR	1.0	487.654	-221.606	-12.4532	-17.3155	118.871	110.424	-28.9656	-4.52432
NA19115	AFR	AFR	1.0	487.705	-225.233	-13.4185	-17.7624	115.47	108.559	-33.7971	-9.76279
NA19116	AFR	AFR	1.0	489.431	-225.435	-14.641	-19.1359	118.475	110.151	-30.7243	-10.3966
NA19117	AFR	AFR	1.0	491.72	-225.852	-13.2155	-18.9682	118.586	111.372	-31.2952	-5.82264
NA19118	AFR	AFR	1.0	476.794	-214.611	-12.692	-14.0533	116.578	103.127	-29.9128	-9.10386
NA19119	AFR	AFR	1.0	488.995	-225.097	-12.6344	-14.5949	117.738	111.524	-31.8094	-6.42978
NA19120	AFR	AFR	1.0	487.276	-227.141	-13.9827	-14.0632	120.149	112.101	-30.2665	-5.7703
NA19121	AFR	AFR	1.0	484.827	-224.37	-12.8687	-14.9704	116.25	111.606	-35.5984	-6.95859
NA19122	AFR	AFR	1.0	484.852	-223.734	-13.4955	-14.6709	115.068	109.865	-33.2597	-11.1757
NA19123	AFR	AFR	1.0	486.067	-225.301	-14.0901	-13.8383	120.018	109.63	-34.2903	-9.89202
NA19127	AFR	AFR	1.0	487.837	-224.838	-13.338	-18.0398	121.045	109.261	-31.4295	-7.16472
NA19128	AFR	AFR	1.0	484.997	-222.25	-15.1052	-17.1695	116.942	114.958	-35.7207	-11.1656
NA19129	AFR	AFR	1.0	489.009	-221.764	-14.0598	-17.8367	120.848	114.16	-36.2256	-11.7506
NA19130	AFR	AFR	1.0	488.353	-226.61	-11.6638	-15.5368	117.665	117.965	-33.8598	-9.94433
NA19131	AFR	AFR	1.0	490.173	-225.29	-15.9713	-17.9233	116.477	110.456	-31.1809	-11.7971
NA19132	AFR	AFR	1.0	490.727	-227.92	-14.7797	-18.364	119.743	118.096	-29.9486	-10.4532
NA19137	AFR	AFR	1.0	490.276	-222.923	-14.5897	-12.4337	116.35	113.263	-33.4523	-2.41194
NA19138	AFR	AFR	1.0	487.978	-223.651	-14.421	-16.7662	115.37	106.669	-30.6118	-1.54128
NA19139	AFR	AFR	1.0	489.593	-225.094	-12.9343	-14.6646	113.616	108.76	-33.4243	-5.6327
NA19140	AFR	AFR	1.0	495.614	-224.591	-13.003	-15.5231	118.701	114.412	-37.9288	-7.98828
NA19141	AFR	AFR	1.0	487.988	-226.562	-13.4636	-15.3551	112.798	112.02	-32.6111	-15.3202
NA19142	AFR	AFR	1.0	489.283	-224.802	-12.3197	-15.071	120.013	112.807	-35.9518	-13.3975
NA19143	AFR	AFR	1.0	490.9	-223.404	-15.0054	-13.8466	116.637	111.586	-36.5394	-3.80027
NA19144	AFR	AFR	1.0	492.824	-227.873	-13.5764	-17.1121	117.331	113.427	-34.8605	-10.884
NA19145	AFR	AFR	1.0	492.161	-224.56	-13.7498	-17.0785	117.07	109.801	-33.5051	-8.77584
NA19146	AFR	AFR	1.0	489.471	-226.221	-14.2919	-14.6177	117.231	112.66	-32.798	-9.60351
NA19147	AFR	AFR	1.0	488.466	-220.664	-14.2606	-16.1634	111.297	106.961	-30.5413	-12.3147
NA19148	AFR	AFR	1.0	489.47	-223.653	-13.3308	-16.0026	111.594	110.828	-32.7742	-8.80968
NA19149	AFR	AFR	1.0	493.668	-227.274	-13.6925	-15.8164	117.143	114.63	-38.6833	-6.39363
NA19150	AFR	AFR	1.0	486.113	-223.03	-13.7725	-15.4688	114.851	111.77	-33.5186	-13.8134
NA19151	AFR	AFR	1.0	485.886	-223.724	-15.1907	-13.1275	114.945	111.517	-34.4111	-7.98899
NA19152	AFR	AFR	1.0	487.177	-228.363	-9.51681	-18.7846	117.17	113.708	-33.4555	-4.25589
NA19153	AFR	AFR	1.0	488.563	-225.203	-12.9507	-13.9499	119.05	114.887	-30.8025	-8.46309
NA19154	AFR	AFR	1.0	484.084	-225.924	-12.394	-17.3698	116.678	108.948	-32.399	-5.38081
NA19159	AFR	AFR	1.0	485.896	-226.796	-11.0854	-13.1974	110.546	107.719	-33.1071	-7.1494
NA21102	SAS	SAS	1.0	-32.4181	66.701	15.7481	30.8499	-85.1537	100.313	9.76966	3.02224
NA21103	SAS	SAS	1.0	-31.8055	59.8361	16.711	39.2577	-88.9639	101.428	5.88553	9.50809
NA21104	SAS	SAS	1.0	-33.8767	59.6738	13.4286	36.1939	-84.6482	100.228	7.45199	8.06868
NA21105	SAS	SAS	1.0	-35.402	66.35	15.962	32.065	-82.0761	94.9473	3.08557	5.0849
NA21106	SAS	SAS	1.0	-33.7547	61.2966	17.5503	39.2654	-87.4402	99.6919	7.26015	-1.83814
NA21107	SAS	SAS	1.0	-29.3925	71.5693	16.7786	33.5604	-89.1728	101.885	7.70529	0.50314
NA21108	SAS	SAS	1.0	-23.0416	94.3175	8.27147	26.5945	-73.907	86.5405	-4.79243	5.46254
NA21109	SAS	SAS	1.0	-29.8953	64.3017	17.5857	30.6023	-84.7591	101.727	12.5354	11.9764
NA21110	SAS	SAS	1.0	-33.337	64.4989	18.89	39.5636	-84.5838	94.6491	9.06773	0.00608364
NA21111	SAS	SAS	1.0	-36.0456	62.488	16.2273	35.4886	-83.8197	94.5723	7.65703	4.37157
NA21112	SAS	SAS	1.0	-33.6421	61.9341	20.2607	35.0597	-86.4644	94.9747	1.08978	7.01689
NA21113	SAS	SAS	1.0	-31.9482	62.307	20.4684	35.6741	-83.6579	99.0213	12.412	8.27422
NA21114	SAS	SAS	1.0	-31.9409	66.5638	11.1041	35.8087	-83.822	93.7183	5.08641	9.51836
NA21115	SAS	SAS	1.0	-34.1396	64.3911	18.031	37.4896	-89.9742	99.1428	4.58033	0.523045
NA21116	SAS	SAS	1.0	-34.4579	66.1261	10.2733	36.6733	-80.9814	91.9389	3.76673	6.40443
NA21117	SAS	SAS	1.0	-35.4847	60.4002	18.0058	31.7719	-85.2097	97.7156	7.1856	3.13975
NA21118	SAS	SAS	1.0	-33.8804	65.4556	22.3909	38.8922	-81.6648	95.7436	5.95291	3.424
NA21119	SAS	SAS	1.0	-32.7829	65.2445	21.5784	38.1962	-86.3193	100.349	9.26882	5.7176
NA21120	SAS	SAS	1.0	-31.6756	72.0677	14.2858	30.9488	-82.2646	92.3287	5.91128	2.67335
NA21121	SAS	SAS	1.0	-35.6607	57.9583	15.9195	40.6592	-89.9958	100.818	5.4725	3.09865
NA21122	SAS	SAS	1.0	-30.7914	64.9514	23.8391	40.3048	-88.3067	101.12	7.12054	4.00768
NA21123	SAS	SAS	1.0	-29.7241	65.2609	16.6092	35.9782	-86.1434	99.5327	12.0339	-1.43419
NA21124	SAS	SAS	1.0	-35.0225	61.4056	16.487	36.18	-88.9384	101.159	7.61918	5.13055
NA21125	SAS	SAS	1.0	-34.7765	60.9214	17.8655	36.7128	-87.2959	96.9116	-0.617147	7.45092
NA21126	SAS	SAS	1.0	-33.0856	64.8	17.1213	31.8786	-86.6363	100.715	5.94798	0.582427
NA21127	SAS	SAS	1.0	-31.7614	60.5685	18.5455	38.6258	-84.3596	96.9028	11.0167	4.95532
NA21128	SAS	SAS	1.0	-32.5325	66.2	18.2108	34.9278	-86.6094	97.9229	3.50205	5.53249
NA21129	SAS	SAS	1.0	-37.4061	60.7503	20.6906	34.7522	-90.7721	104.995	13.2679	2.26505
NA21130	SAS	SAS	1.0	-34.0957	68.5742	19.1911	32.6967	-85.831	96.2538	-1.22658	2.9293
NA21133	SAS	SAS	1.0	-36.8848	61.3463	15.3427	36.3108	-79.7386	93.7136	2.0583	7.98939
NA21134	SAS	SAS	1.0	-29.1627	67.7647	13.6559	32.9679	-87.363	100.041	6.63526	3.9431
NA21135	SAS	SAS	1.0	-30.7912	65.0521	17.968	33.2922	-82.1359	100.729	11.3867	8.44867
NA21137	SAS	SAS	1.0	-33.2316	66.758	14.7485	36.3542	-88.5136	104.153	3.8904	0.84915
NA21141	SAS	SAS	1.0	-34.6812	61.5392	15.3609	38.5801	-86.5045	99.5992	1.80229	1.4674
NA21142	SAS	SAS	1.0	-36.5563	63.0595	17.1827	37.0522	-87.3883	100.749	5.96402	9.20589
NA21143	SAS	SAS	1.0	-38.0601	59.1929	20.2052	38.7264	-88.3112	99.2845	5.53153	0.757121
NA21144	SAS	SAS	1.0	-33.1664	59.5983	20.67	34.451	-86.459	101.912	11.5502	13.0671
NA21302	AFR	AFR	0.8195977165051661	326.252	-93.7047	-2.8076	-14.2486	49.0721	16.1248	38.7579	-11.2102
NA21309	AFR	AFR	1.0	350.192	-110.149	-0.324565	-9.66731	51.0133	20.3463	35.4999	-12.8868
NA21310	AFR	AFR	1.0	334.727	-106.184	-0.279841	-12.2525	51.5613	11.0156	44.8975	-6.48435
NA21313	AFR	AFR	1.0	335.891	-101.251	0.627417	-15.1695	50.3667	22.7616	48.2778	-12.7365
NA21317	AFR	AFR	1.0	340.801	-104.587	-2.13157	-7.91512	55.1355	16.392	42.0077	-14.0357
NA21361	AFR	AFR	1.0	348.64	-108.297	-0.651711	-9.29297	60.5338	26.9383	37.8342	-18.1068
NA21366	AFR	AFR	0.9156238282363602	333.403	-100.049	0.168076	-13.576	48.4267	23.1544	41.4313	-15.3028
NA21383	AFR	AFR	1.0	351.567	-111.469	0.887708	-9.83988	52.9502	30.0311	33.3382	-9.11264
NA21386	AFR	AFR	1.0	346.081	-108.581	1.88696	-13.4068	56.5922	25.1013	39.3425	-12.6606
NA21389	AFR	AFR	1.0	353.582	-119.888	1.39695	-13.6216	60.3126	25.2908	34.9938	-11.3839
NA21401	AFR	AFR	0.9136709343526641	332.915	-94.975	2.26144	-6.69729	53.7413	17.5159	41.6938	-16.8881
NA21404	AFR	AFR	1.0	343.281	-105.193	1.54745	-17.3362	51.2956	12.7173	46.3477	-12.9559
NA21425	AFR	AFR	0.822411782215044	326.661	-96.4419	3.84502	-9.4281	52.4335	13.4677	47.8062	-17.8082
NA20541	EUR	EUR	1.0	18.5274	205.652	-1.93567	-18.2489	29.1892	-48.1363	-36.384	5.22577
NA20542	EUR	EUR	1.0	15.7941	199.835	2.64575	-17.2989	23.6309	-47.2557	-42.9773	8.63912
NA20543	EUR	EUR	1.0	21.34	204.191	1.80884	-19.6735	28.0623	-49.8859	-35.1758	8.81236
NA20544	EUR	EUR	1.0	17.3442	206.175	1.8639	-17.6041	21.8953	-39.9835	-28.2572	3.08097
NA20581	EUR	EUR	1.0	19.1375	207.407	1.83078	-13.3435	28.603	-50.9107	-41.5577	8.51193
NA20582	EUR	EUR	1.0	19.0541	204.354	3.63271	-12.4158	25.0842	-48.8049	-35.1484	7.51392
NA20585	EUR	EUR	1.0	15.6541	202.062	1.6896	-13.4301	29.6858	-47.6393	-34.1418	9.62961
NA20586	EUR	EUR	1.0	19.5012	209.43	2.05101	-14.9459	27.6846	-48.6451	-35.6656	12.88
NA20587	EUR	EUR	1.0	17.9431	203.776	4.8429	-19.5485	25.9058	-44.8591	-44.4665	10.1959
NA20588	EUR	EUR	1.0	17.5826	204.946	5.16157	-15.9194	27.7409	-46.8148	-40.9471	7.19539
NA20589	EUR	EUR	1.0	19.6332	203.14	3.78221	-14.198	24.3736	-46.0583	-36.1572	8.70862
NA20752	EUR	EUR	1.0	19.6367	206.204	2.23776	-15.0129	25.4305	-43.7994	-36.4495	5.94694
NA20753	EUR	EUR	1.0	19.2723	203.584	4.57849	-14.4491	27.0368	-47.4956	-28.9092	2.99915
NA20754	EUR	EUR	1.0	17.9922	201.998	0.75939	-15.1431	24.5286	-44.0287	-33.7541	10.4818
NA20755	EUR	EUR	1.0	21.5322	209.859	1.47709	-16.5432	26.1923	-45.846	-31.9854	5.75848
NA20756	EUR	EUR	1.0	18.2901	201.311	1.43369	-17.0088	28.0558	-47.7993	-35.5755	7.78259
NA20757	EUR	EUR	1.0	19.8427	203.244	5.24838	-15.9864	27.5787	-46.3909	-29.7585	5.734
NA20758	EUR	EUR	1.0	19.7068	204.582	4.37097	-12.8789	22.6159	-41.5415	-35.3451	7.78104
NA20759	EUR	EUR	1.0	17.1343	206.458	0.991453	-15.3958	23.551	-43.8988	-40.9306	12.8182
NA20760	EUR	EUR	1.0	13.522	204.02	1.1548	-18.4029	25.7616	-48.7721	-41.5546	8.88494
NA20761	EUR	EUR	1.0	16.9809	203.597	2.59299	-11.4194	27.6049	-47.4161	-35.1439	6.68109
NA20762	EUR	EUR	1.0	20.5514	205.911	3.68779	-17.2053	27.0311	-46.9815	-37.8881	10.2916
NA20763	EUR	EUR	1.0	13.7191	202.332	3.92139	-15.139	29.285	-47.135	-38.6743	7.61604
NA20764	EUR	EUR	1.0	20.1306	205.258	0.450608	-13.1099	30.1899	-48.7296	-38.7305	13.0848
NA20765	EUR	EUR	1.0	22.0374	205.411	6.53591	-12.336	23.0582	-46.5962	-37.7645	5.17205
NA20766	EUR	EUR	1.0	19.7816	207.254	1.21351	-9.62951	23.1969	-42.5501	-34.9347	9.57978
NA20767	EUR	EUR	1.0	16.9796	202.366	3.92887	-15.7624	29.5067	-48.6425	-37.9612	10.569
NA20768	EUR	EUR	1.0	16.9553	204.537	1.10853	-14.7656	24.8084	-46.197	-41.7786	8.90033
NA20769	EUR	EUR	1.0	19.9159	208.458	-1.5614	-14.105	27.4343	-45.0488	-34.2612	11.5724
NA20770	EUR	EUR	1.0	16.8002	203.192	-2.35418	-15.0572	20.4233	-40.5362	-38.5978	10.2222
NA20771	EUR	EUR	1.0	20.0807	208.885	3.59964	-17.7028	25.9485	-45.4319	-36.453	6.50968
NA20772	EUR	EUR	1.0	20.0381	206.602	1.11072	-17.8441	27.2638	-49.3847	-32.0995	13.104
NA20773	EUR	EUR	1.0	15.2065	203.062	1.86861	-11.8598	23.0104	-39.2522	-32.5428	10.1959
NA20774	EUR	EUR	1.0	18.6865	201.854	2.86294	-13.2886	23.9714	-45.2424	-32.9869	9.52034
NA20775	EUR	EUR	1.0	15.4216	203.543	4.13755	-14.1474	22.2625	-44.0627	-39.9562	2.47693
NA20778	EUR	EUR	1.0	17.7488	207.035	4.87462	-11.1358	30.7112	-45.0479	-37.565	9.87946
NA20783	EUR	EUR	1.0	19.6361	205.14	3.22986	-14.893	26.2791	-45.6966	-35.6173	10.1973
NA20785	EUR	EUR	1.0	15.8369	201.625	3.07824	-15.1057	26.1526	-47.3223	-42.5069	6.27943
NA20786	EUR	EUR	1.0	17.5413	203.626	-0.54585	-15.0265	28.7785	-41.3129	-26.0429	7.77571
NA20787	EUR	EUR	1.0	22.9512	205.45	3.12897	-14.7022	28.6106	-50.8738	-28.3486	10.8108
NA20790	EUR	EUR	1.0	19.993	208.578	1.73532	-15.508	26.686	-47.2385	-39.2836	12.0024
NA20792	EUR	EUR	1.0	16.0452	206.384	-1.06286	-13.9319	25.4494	-47.6675	-40.551	5.09947
NA20795	EUR	EUR	1.0	21.2128	204.366	-1.25673	-13.0197	27.5948	-46.3114	-31.9764	8.86884
NA20796	EUR	EUR	1.0	17.5689	206.755	-1.81411	-16.6063	27.6998	-45.9974	-37.9384	3.47023
NA20797	EUR	EUR	1.0	19.8924	204.485	3.71018	-12.4226	24.5585	-41.7168	-32.3422	9.74276
NA20798	EUR	EUR	1.0	15.8539	201.527	0.70358	-14.5291	27.7796	-45.1744	-28.5621	5.40379
NA20799	EUR	EUR	1.0	18.5625	209.907	2.71256	-19.2477	32.7109	-49.7072	-35.3272	7.23629
NA20800	EUR	EUR	1.0	19.9879	209.28	-0.0777148	-20.7629	27.8603	-50.9715	-33.5507	11.5341
NA20801	EUR	EUR	1.0	17.0992	210.187	-3.99196	-17.6295	23.7086	-46.9872	-38.0631	8.14511
NA20802	EUR	EUR	1.0	19.5374	206.497	6.84559	-18.7908	32.8832	-49.819	-33.4315	9.95609
NA19027	AFR	AFR	1.0	440.362	-191.003	-9.61945	-9.78346	65.8753	64.5611	-4.73914	-8.80278
NA19028	AFR	AFR	1.0	448.15	-196.011	-11.2085	-12.3734	64.5598	61.7361	-11.2236	-9.53985
NA19030	AFR	AFR	1.0	456.714	-203.292	-10.0509	-14.9044	63.7847	60.8209	-5.35826	-12.1352
NA19031	AFR	AFR	1.0	449.598	-196.244	-9.76529	-12.5974	69.5047	67.8078	-7.71378	-0.734578
NA19035	AFR	AFR	1.0	455.214	-198.573	-12.4834	-13.0095	68.2759	65.9922	-10.9531	-10.6036
NA19036	AFR	AFR	1.0	459.453	-204.095	-9.04725	-14.2162	66.5211	64.7614	-8.93639	-4.56509
NA19037	AFR	AFR	1.0	454.059	-200.641	-8.71565	-11.1485	75.4994	67.5693	-10.0985	-10.5546
NA19038	AFR	AFR	1.0	462.564	-204.494	-9.49958	-16.732	73.5564	69.4675	-13.6685	-7.65227
NA19041	AFR	AFR	1.0	452.581	-204.262	-10.039	-10.8153	71.4039	68.5128	-12.727	-6.98411
NA19042	AFR	AFR	1.0	443.454	-192.731	-12.2627	-11.9788	61.2009	58.5952	-6.59394	-7.70519
NA19043	AFR	AFR	1.0	454.766	-200.479	-10.2481	-10.7048	69.5744	64.2739	-3.69606	-10.7646
NA19044	AFR	AFR	1.0	454.584	-202.574	-13.6458	-12.6798	66.8788	65.8835	-13.2031	-11.7406
NA19046	AFR	AFR	1.0	459.186	-204.336	-8.31672	-10.9966	67.4397	61.0628	-7.82672	-10.9716
NA19054	EAS	EAS	1.0	-193.832	-196.165	77.0723	-47.0655	10.0145	-11.7577	4.64935	-6.64401
NA19055	EAS	EAS	1.0	-196.71	-198.767	76.2345	-50.2289	4.94568	-5.82013	1.73476	-7.07276
NA19056	EAS	EAS	1.0	-191.567	-190.428	83.6223	-43.8382	7.41193	-6.86609	5.54415	-6.56934
NA19057	EAS	EAS	1.0	-196.212	-192.039	81.505	-48.5868	5.25534	-5.44804	4.32462	-8.26336
NA19058	EAS	EAS	1.0	-192.65	-195.382	80.3716	-46.0424	11.4954	-10.4192	3.65728	-0.0501308
NA19059	EAS	EAS	1.0	-195.3	-189.815	78.5579	-43.8854	11.6143	-11.843	0.808207	-2.33258
NA19060	EAS	EAS	1.0	-194.009	-194.436	74.6574	-47.1293	9.23439	-11.0723	5.06119	-3.66563
NA19062	EAS	EAS	1.0	-196.222	-194.284	79.2206	-44.336	15.6369	-10.7503	2.88584	-1.81787
NA19063	EAS	EAS	1.0	-195.953	-194.833	80.452	-50.0303	9.86139	-6.11626	4.207	-3.74327
NA19064	EAS	EAS	1.0	-195.294	-197.857	79.4746	-43.5044	9.77783	-11.169	7.19795	-3.76374
NA19065	EAS	EAS	1.0	-193.178	-193.359	78.0996	-52.04	10.1175	-8.4869	5.37649	-4.05519
NA19066	EAS	EAS	1.0	-197.208	-198.471	78.1431	-43.7394	13.9576	-9.64694	5.70954	-1.39305
NA19067	EAS	EAS	1.0	-195.011	-197.523	85.9711	-44.8653	9.53834	-9.28093	-0.898992	-6.42191
NA19068	EAS	EAS	1.0	-199.281	-196.759	75.3553	-50.501	8.15582	-12.356	3.32071	0.070225
NA19070	EAS	EAS	1.0	-192.817	-195.862	78.0408	-49.5436	8.19998	-7.24485	0.61679	1.23764
NA19072	EAS	EAS	1.0	-195.467	-194.044	81.6652	-47.1482	6.67424	-8.61875	0.258233	1.80397
NA19074	EAS	EAS	1.0	-199.032	-197.839	76.0052	-53.22	10.5149	-13.6575	4.73471	1.1064
NA19075	EAS	EAS	1.0	-197.935	-190.632	76.7073	-53.1094	11.8812	-13.1015	6.99636	7.17081
NA19076	EAS	EAS	1.0	-196.426	-188.554	79.7577	-49.3879	9.10871	-9.21411	7.40633	-2.64813
NA19077	EAS	EAS	1.0	-197.705	-197.109	76.7435	-45.4141	9.53416	-9.48766	-0.0798688	-2.21397
NA19078	EAS	EAS	1.0	-195.39	-193.278	83.9741	-47.2794	11.4135	-11.0372	-0.215203	-2.75759
NA19079	EAS	EAS	1.0	-195.417	-199.496	78.7895	-42.4326	13.2668	-11.5473	3.10345	-7.59744
NA19080	EAS	EAS	1.0	-195.731	-199.702	84.3609	-55.9235	13.3976	-7.41728	1.54626	5.42318
NA19081	EAS	EAS	1.0	-193.856	-191.119	76.4546	-50.322	10.2821	-7.75412	5.43385	4.21643
NA19082	EAS	EAS	1.0	-194.706	-197.346	82.6505	-42.8778	8.71677	-8.86088	9.74938	4.0691
NA19083	EAS	EAS	1.0	-192.274	-193.695	79.0311	-49.3932	7.6984	-10.2834	0.557131	-3.2931
NA19084	EAS	EAS	1.0	-198.419	-194.684	75.6144	-54.7701	11.5426	-12.17	3.79344	0.520172
NA19085	EAS	EAS	1.0	-193.95	-192.587	76.22	-41.6246	9.98763	-8.06276	2.70379	-2.19632
NA19086	EAS	EAS	1.0	-195.286	-196.874	82.6317	-46.4924	12.3124	-9.35755	6.9423	-2.56189
NA19087	EAS	EAS	1.0	-200.789	-194.475	75.3345	-52.3675	11.9046	-11.352	5.78254	-6.68894
NA19088	EAS	EAS	1.0	-197.105	-198.014	80.7502	-50.4554	11.2948	-11.4399	2.67492	-4.47984
NA19089	EAS	EAS	1.0	-194.083	-195.127	79.6711	-45.9614	10.6338	-8.28508	4.08673	1.39421
NA19090	EAS	EAS	1.0	-192.762	-193.222	84.9456	-46.2056	9.686	-10.4141	10.7511	0.763734
NA19091	EAS	EAS	1.0	-195.869	-195.962	78.6943	-52.712	10.0855	-6.88283	0.502821	-5.6584
NA19092	AFR	AFR	1.0	490.262	-227.249	-13.3832	-15.2971	124.255	115.69	-40.1371	-11.2331
NA19093	AFR	AFR	1.0	483.236	-225.214	-12.7603	-18.7615	118.803	116.234	-32.2094	-14.7925
NA19094	AFR	AFR	1.0	485.734	-227.182	-11.8467	-19.8549	120.213	116.488	-37.8059	-18.4005
NA18505	AFR	AFR	1.0	494.172	-227.756	-10.8043	-15.0985	119.977	110.985	-34.7904	-8.06728
NA18506	AFR	AFR	1.0	488.558	-224.962	-16.2259	-10.1404	115.105	109.234	-32.7082	-6.29982
NA18507	AFR	AFR	1.0	488.089	-225.855	-14.9457	-11.2161	114.417	113.522	-34.3118	-4.94089
NA18508	AFR	AFR	1.0	491.537	-225.206	-13.6855	-16.5276	113.705	110.232	-29.5152	-5.13136
NA18509	AFR	AFR	1.0	476.713	-221.251	-11.6549	-17.3817	114.654	112.024	-33.0414	-9.33745
NA18510	AFR	AFR	1.0	485.699	-224.35	-14.8155	-16.5309	120.791	113.761	-32.3778	-10.7215
NA18511	AFR	AFR	1.0	480.356	-220.017	-11.7786	-17.3782	111.589	108.994	-33.9263	-10.1104
NA18515	AFR	AFR	1.0	490.955	-221.538	-13.7482	-19.016	122.741	113.897	-38.7262	-1.28031
NA18516	AFR	AFR	1.0	497.602	-226.667	-15.1698	-18.9	121.84	119.539	-40.3356	-7.97233
NA18517	AFR	AFR	1.0	485.05	-220.691	-13.1368	-16.4165	120.447	109.105	-31.8785	-5.26078
NA18518	AFR	AFR	1.0	482.949	-221.418	-12.8466	-17.6202	124.861	113.172	-31.2633	-6.3538
NA18519	AFR	AFR	1.0	486.684	-224.579	-13.4389	-18.2304	121.516	110.672	-37.8568	-8.19539
NA18520	AFR	AFR	1.0	481.652	-218.739	-13.1729	-14.453	120.354	112.575	-28.7794	-8.29269
NA18521	AFR	AFR	1.0	489.018	-223.495	-16.0423	-15.3126	113.61	116.081	-30.0272	-4.27823
NA18522	AFR	AFR	1.0	491.668	-221.952	-16.9125	-14.9151	114.687	108.918	-28.6017	-3.96908
NA18523	AFR	AFR	1.0	487.801	-222.479	-13.5841	-13.7062	116.797	113.155	-32.4147	-5.75841
NA18525	EAS	EAS	1.0	-196.086	-197.601	92.1462	-49.4457	10.5875	-10.715	11.5676	21.2452
NA18526	EAS	EAS	1.0	-195.334	-199.3	93.2592	-53.6391	12.9731	-13.8988	16.1513	19.0109
NA18527	EAS	EAS	1.0	-195.052	-194.978	82.6281	-53.3565	15.1177	-14.1415	9.38748	13.379
NA18528	EAS	EAS	1.0	-190.077	-193.378	81.8033	-48.8611	10.9513	-9.94	7.76902	8.51539
NA18530	EAS	EAS	1.0	-194.204	-195.247	86.1357	-45.4396	11.5327	-11.8466	9.15595	7.8694
NA18531	EAS	EAS	1.0	-195.096	-189.642	84.094	-50.6059	10.0332	-8.45096	9.58409	10.3976
NA18532	EAS	EAS	1.0	-197.964	-198.623	89.6172	-52.7779	8.43739	-13.2524	13.1466	18.4115
NA18533	EAS	EAS	1.0	-194.442	-198.333	88.6931	-48.2861	7.27357	-11.9694	14.1352	27.8088
NA18534	EAS	EAS	1.0	-194.687	-195.952	88.3655	-55.1518	10.3677	-14.3133	6.36917	18.6276
NA18535	EAS	EAS	1.0	-193.443	-190.271	86.0795	-50.2758	6.07286	-11.6047	4.12143	9.57771
NA18536	EAS	EAS	1.0	-196.917	-193.673	87.3207	-48.6323	10.1148	-9.98363	10.1985	25.5347
NA18537	EAS	EAS	1.0	-196.309	-192.638	87.9294	-53.3567	12.6745	-12.8583	9.13119	16.6317
NA18538	EAS	EAS	1.0	-192.284	-190.46	84.9848	-48.3065	10.8827	-12.7839	8.80666	7.9672
NA18539	EAS	EAS	1.0	-197.066	-193.09	86.2356	-58.0309	9.56774	-10.5397	4.05604	6.38669
NA18541	EAS	EAS	1.0	-194.645	-195.809	86.4459	-56.4885	9.20278	-11.1204	4.19337	13.3604
NA18542	EAS	EAS	1.0	-194.211	-193.346	84.8576	-53.2766	11.0155	-5.77359	5.08495	9.58552
NA18543	EAS	EAS	1.0	-197.529	-197.423	93.4277	-53.2583	11.5601	-11.1558	16.5679	25.2434
NA18544	EAS	EAS	1.0	-195.14	-191.785	89.8618	-52.5442	11.9532	-15.9622	5.93395	12.8433
NA18545	EAS	EAS	1.0	-198.851	-201.761	90.6087	-49.9271	12.1687	-11.0782	16.0171	25.2424
NA18546	EAS	EAS	1.0	-198.075	-198.387	92.0242	-52.0139	9.13069	-12.2862	4.65556	10.224
NA18547	EAS	EAS	1.0	-192.732	-194.183	83.4838	-55.0631	9.67777	-9.65661	6.75116	6.4713
NA18548	EAS	EAS	1.0	-195.762	-196.092	87.0258	-56.1186	5.96325	-13.9085	8.59187	10.8914
NA18549	EAS	EAS	1.0	-193.462	-200.041	92.4435	-52.8228	13.381	-9.6404	13.653	20.4508
NA18550	EAS	EAS	1.0	-191.113	-193.472	91.9317	-47.2898	10.2587	-8.88682	15.0294	35.8028
NA18552	EAS	EAS	1.0	-199.419	-197.633	86.9896	-51.4532	10.4633	-9.73638	4.40908	21.574
NA18553	EAS	EAS	1.0	-192.756	-192.401	81.3386	-53.7242	6.09295	-8.43685	2.96142	8.31759
NA18555	EAS	EAS	1.0	-195.745	-196.563	83.5188	-48.7974	12.9731	-12.5036	8.25807	19.1715
NA18557	EAS	EAS	1.0	-195.91	-197.136	85.588	-59.3787	9.50166	-7.81876	11.1705	4.58877
NA18558	EAS	EAS	1.0	-197.407	-193.051	88.2855	-54.1545	11.42	-11.2818	2.60637	2.5266
NA18559	EAS	EAS	1.0	-195.864	-195.928	94.5882	-49.4991	10.9559	-12.3007	10.3557	17.8309
NA18560	EAS	EAS	1.0	-199.133	-199.968	92.6835	-47.6173	9.89284	-10.6749	12.1157	29.3872
NA18561	EAS	EAS	1.0	-194.591	-190.188	83.5012	-49.6307	8.42685	-9.0091	5.26099	7.89614
NA18562	EAS	EAS	1.0	-194.513	-192.838	82.3124	-50.4419	14.0993	-10.3859	7.21998	6.75201
NA18563	EAS	EAS	1.0	-195.647	-194.025	82.4186	-53.8363	12.9459	-13.7186	9.93477	4.33738
HG00524	EAS	EAS	1.0	-197.145	-197.631	92.716	-48.5988	9.98832	-12.2012	14.7365	25.7172
HG00525	EAS	EAS	1.0	-196.047	-192.421	88.2652	-48.4022	13.7011	-13.6965	7.71503	22.5672
HG00526	EAS	EAS	1.0	-197.168	-196.201	91.0421	-50.9903	11.9204	-14.2931	11.851	25.0173
HG00530	EAS	EAS	1.0	-197.035	-198.383	94.3273	-50.856	12.7936	-10.2231	9.11778	23.5182
HG00531	EAS	EAS	1.0	-197.438	-199.894	92.2685	-45.6101	15.0945	-12.1208	17.576	26.7092
HG00532	EAS	EAS	1.0	-197.488	-199.424	89.4326	-49.5262	14.7974	-12.5256	12.815	26.5734
HG00533	EAS	EAS	1.0	-196.686	-196.478	92.2182	-55.6365	12.0659	-11.2733	11.0011	23.0327
HG00534	EAS	EAS	1.0	-197.279	-197.224	92.118	-51.2165	10.9114	-10.8815	9.13344	25.1751
HG00535	EAS	EAS	1.0	-198.575	-196.531	90.1929	-52.3171	10.1444	-11.3046	10.4484	21.1668
HG00536	EAS	EAS	1.0	-196.214	-198.064	91.5295	-50.6534	9.45477	-9.78663	11.7609	24.8972
HG00537	EAS	EAS	1.0	-198.984	-201.649	95.6999	-54.1316	14.0471	-15.2394	11.617	25.3281
HG00538	EAS	EAS	1.0	-195.471	-201.229	92.4458	-50.2685	12.1693	-13.1593	15.4216	26.1831
HG00542	EAS	EAS	1.0	-201.725	-199.852	96.1973	-54.4512	10.0985	-11.4396	13.5597	26.5878
HG00543	EAS	EAS	1.0	-197.608	-199.74	91.4761	-47.1817	8.97159	-9.67414	13.8605	29.2963
HG00544	EAS	EAS	1.0	-198.946	-197.939	95.1981	-48.9358	12.3345	-11.6145	12.2468	30.9169
HG00551	EUR	EUR	1.0	26.0632	123.768	-51.7617	-14.2673	39.763	-37.3709	-44.7067	4.66912
HG00552	EUR	EUR	1.0	30.3639	142.714	-34.9767	-14.1049	35.8037	-37.5153	-54.2901	2.99249
HG00553	GME	GME	1.0	60.7759	67.0784	-69.2897	-8.90469	40.052	-21.6257	-24.6717	-7.15339
HG00554	EUR	EUR	1.0	27.0181	131.578	-40.4193	-6.06476	31.2101	-35.1984	-49.3126	2.50821
HG00555	EUR	EUR	1.0	40.7311	93.8426	-58.9999	-6.4384	34.0378	-24.8802	-38.0836	-3.21145
HG00556	EAS	EAS	1.0	-198.819	-193.88	90.8046	-52.9984	14.2347	-12.303	13.0617	24.3052
HG00557	EAS	EAS	1.0	-198.703	-201.74	91.1466	-52.7876	17.1983	-15.7821	14.3302	21.7699
HG00558	EAS	EAS	1.0	-200.662	-199.123	89.0926	-53.4413	16.2695	-14.648	11.237	28.3032
HG00559	EAS	EAS	1.0	-195.415	-198.305	88.697	-50.7196	14.9565	-15.1243	11.9841	16.2195
HG00560	EAS	EAS	1.0	-198.23	-204.209	95.8003	-47.1509	12.7625	-9.92317	12.7862	24.6812
HG00561	EAS	EAS	1.0	-193.96	-200.537	92.1486	-50.1802	14.6209	-13.1115	12.0288	19.4087
HG00565	EAS	EAS	1.0	-198.114	-200.341	96.5125	-54.9669	8.67751	-14.0077	11.479	26.2943
HG00566	EAS	EAS	1.0	-198.211	-203.3	91.8741	-46.2729	13.7663	-12.5775	7.09517	26.8328
HG00567	EAS	EAS	1.0	-197.165	-205.157	92.2464	-53.027	13.7288	-16.5348	11.9449	28.5238
HG00577	EAS	EAS	1.0	-197.313	-199.208	96.8266	-55.6638	16.1744	-12.7881	17.0617	27.2572
HG00578	EAS	EAS	1.0	-196.22	-199.226	90.5328	-47.6239	13.0277	-9.39814	14.2296	25.5576
HG00579	EAS	EAS	1.0	-197.865	-196.748	95.5357	-53.8712	14.4761	-11.9893	12.3043	27.7186
HG00580	EAS	EAS	1.0	-198.632	-200.169	87.9308	-53.1796	8.4816	-7.42395	13.6078	22.9479
HG00581	EAS	EAS	1.0	-196.114	-197.446	91.2487	-50.3263	9.72685	-5.80119	12.0952	22.5435
HG00582	EAS	EAS	1.0	-194.905	-195.338	90.8557	-52.3362	8.41134	-4.60072	15.2049	21.7918
HG00583	EAS	EAS	1.0	-195.971	-199.807	97.7317	-46.7753	11.2982	-14.0688	14.9748	32.275
HG00584	EAS	EAS	1.0	-193.49	-198.481	96.2947	-51.864	12.5559	-11.3056	16.413	24.5982
HG00585	EAS	EAS	1.0	-196.837	-200.334	95.8912	-52.5977	10.5357	-13.1689	15.1247	23.2064
HG00589	EAS	EAS	1.0	-197.03	-198.702	86.8292	-49.6529	10.7425	-10.1247	12.0325	23.4414
HG00590	EAS	EAS	1.0	-194.38	-192.236	93.9654	-44.4003	8.28243	-8.63046	15.0668	31.9716
HG00591	EAS	EAS	1.0	-194.838	-195.811	90.9338	-49.7903	10.0147	-9.82085	11.3747	28.0934
HG00592	EAS	EAS	1.0	-196.553	-193.701	84.9956	-57.0781	10.2075	-9.14243	4.065	15.3855
HG00593	EAS	EAS	1.0	-197.102	-202.555	94.0177	-48.7342	8.67472	-6.84825	11.603	28.6684
HG00594	EAS	EAS	1.0	-195.148	-197.956	86.7413	-50.1034	7.87373	-9.39568	8.62444	19.5605
HG00595	EAS	EAS	1.0	-197.638	-196.361	97.2181	-54.0296	9.5404	-9.15286	12.6836	22.8148
HG00596	EAS	EAS	1.0	-200.629	-204.15	98.2603	-51.411	11.1494	-10.8579	15.2424	25.0226
HG00597	EAS	EAS	1.0	-197.519	-199.976	96.8379	-54.5815	8.51317	-9.19282	16.3245	24.9567
HG00607	EAS	EAS	1.0	-196.734	-196.798	97.1849	-50.0652	8.35625	-8.94203	12.5169	27.4861
HG00608	EAS	EAS	1.0	-197.382	-201.878	95.1153	-49.9421	13.4552	-14.9087	14.3067	24.4922
HG00609	EAS	EAS	1.0	-196.948	-198.697	97.5161	-46.0969	12.1484	-13.224	11.9348	26.7911
HG00327	EUR	EUR	1.0	-17.6267	163.572	-14.1774	-16.8145	5.40338	-36.9029	-114.48	2.53434
HG00328	EUR	EUR	1.0	-14.5501	173.407	-16.7334	-13.3337	6.69474	-34.4468	-120.764	6.02541
HG00329	EUR	EUR	1.0	-10.6531	176.928	-15.3603	-15.4452	5.25433	-36.0943	-108.145	6.39277
HG00330	EUR	EUR	1.0	-12.7027	167.107	-13.6294	-6.90797	9.97723	-39.0278	-122.788	-0.398635
HG00331	EUR	EUR	1.0	-13.0672	172.08	-19.8343	-14.1801	5.00414	-34.5341	-117.277	4.08301
HG00332	EUR	EUR	1.0	-13.6868	168.223	-14.221	-10.7553	7.45322	-31.4021	-105.622	1.50567
HG00334	EUR	EUR	1.0	-12.2428	177.108	-15.0553	-12.4678	6.38179	-38.7908	-118.722	8.32009
HG00335	EUR	EUR	1.0	-16.0543	171.968	-12.1681	-10.1576	6.52748	-41.602	-114.7	5.18341
HG00336	EUR	EUR	1.0	-17.3536	163.235	-11.5906	-13.4843	6.76421	-36.2612	-121.545	6.00054
HG00337	EUR	EUR	1.0	-10.2671	176.797	-16.0953	-14.3385	6.13943	-38.1834	-116.723	5.15223
HG00338	EUR	EUR	1.0	-10.7688	169.581	-12.4352	-12.154	3.73084	-33.839	-118.397	8.33557
HG00339	EUR	EUR	1.0	-17.0934	162.153	-9.05845	-12.3167	3.90527	-37.1789	-114.204	5.16584
HG00341	EUR	EUR	1.0	-5.27326	173.683	-12.4426	-14.2241	5.51124	-28.9029	-91.2763	1.11705
HG00342	EUR	EUR	1.0	-22.8265	162.386	-14.266	-14.7902	6.77394	-37.1263	-123.501	-3.30683
HG00343	EUR	EUR	1.0	-13.9561	166.092	-13.6801	-8.97607	5.96019	-35.729	-124.426	2.70639
HG00344	EUR	EUR	1.0	-8.21815	184.791	-10.211	-14.5348	6.26109	-36.8442	-113.213	6.14591
HG00345	EUR	EUR	1.0	-14.3037	166.578	-13.4439	-12.8597	7.04011	-38.0763	-119.627	0.827694
HG00346	EUR	EUR	1.0	-12.3648	172.103	-16.4553	-12.9696	6.93653	-38.1834	-119.308	0.912294
HG00349	EUR	EUR	1.0	-17.1082	163.279	-9.51086	-11.0179	6.56958	-33.5595	-127.595	2.62618
HG00350	EUR	EUR	1.0	-2.72589	184.792	-14.4604	-13.2999	8.42974	-41.3833	-113.563	10.4686
HG00351	EUR	EUR	1.0	-13.9182	167.19	-14.6622	-13.3578	5.25878	-37.2735	-120.947	6.86458
HG00353	EUR	EUR	1.0	-18.7427	168.399	-12.8253	-10.4155	10.5252	-41.7852	-116.222	0.0282039
HG00355	EUR	EUR	1.0	-13.8143	176.057	-16.0668	-14.8298	5.80445	-35.8173	-124.626	3.21033
HG00356	EUR	EUR	1.0	-13.0493	170.063	-16.8871	-13.7689	3.10683	-32.6416	-119.69	3.30288
HG00357	EUR	EUR	1.0	-14.6573	173.581	-15.1274	-13.5831	11.4466	-41.4247	-111.071	2.37562
HG00358	EUR	EUR	1.0	-17.8452	157.912	-18.8911	-15.8996	7.55975	-37.7256	-123.002	2.0112
HG00359	EUR	EUR	1.0	-13.9028	170.319	-14.6852	-16.0508	3.77184	-38.3299	-119.9	7.04365
HG00360	EUR	EUR	1.0	-10.4421	173.733	-11.5505	-9.55268	7.90208	-32.3177	-113.003	0.685937
HG00361	EUR	EUR	1.0	-20.3573	159.178	-14.9086	-5.89173	-0.55374	-31.6712	-117.422	-5.08356
HG00362	EUR	EUR	1.0	-15.1717	166.064	-16.9397	-11.3177	4.41238	-32.4888	-121.433	-3.19257
HG00364	EUR	EUR	1.0	-17.617	165.921	-17.4396	-19.3947	4.30125	-33.0928	-112.211	9.63397
HG00365	EUR	EUR	1.0	-14.8267	163.143	-15.2538	-8.53043	3.74765	-31.5574	-115.596	-0.297438
HG00366	EUR	EUR	1.0	-18.2869	164.728	-16.4646	-10.3473	-2.43319	-23.2911	-111.309	2.76514
HG00367	EUR	EUR	1.0	-20.1766	164.017	-15.1921	-18.1963	6.01146	-34.0205	-117.425	-1.80524
HG00368	EUR	EUR	1.0	-18.4914	156.77	-14.6168	-10.9316	-0.913657	-34.4855	-124.822	-2.70088
HG00369	EUR	EUR	1.0	-19.0849	167.056	-18.1321	-18.1292	-2.57761	-30.0547	-119.942	4.24965
HG00371	EUR	EUR	1.0	-16.5922	165.68	-12.9936	-9.55283	2.84248	-30.7796	-115.448	8.05494
HG00372	EUR	EUR	1.0	-18.4196	172.507	-12.4778	-10.352	2.08063	-34.8465	-122.884	2.87979
HG00373	EUR	EUR	1.0	-22.2499	158.387	-16.5655	-14.6191	3.50979	-36.3011	-118.708	-4.5157
HG00375	EUR	EUR	1.0	-15.4194	167.561	-15.4436	-16.357	4.98651	-35.9557	-122.931	5.53324
HG00376	EUR	EUR	1.0	-11.9742	177.035	-13.1314	-10.5082	6.58164	-36.2919	-115.02	6.86905
HG00377	EUR	EUR	1.0	-19.0971	160.194	-14.114	-10.4556	2.64008	-34.9405	-110.75	1.29762
HG00378	EUR	EUR	1.0	-17.1801	164.103	-12.7121	-12.5718	5.01762	-36.797	-123.675	1.79857
HG00379	EUR	EUR	1.0	-15.2197	168.543	-16.2231	-7.73605	0.381551	-26.1648	-122.884	0.982263
HG00380	EUR	EUR	1.0	-2.72308	182.354	-11.2468	-8.5622	9.0076	-39.4511	-115.487	12.8576
HG00381	EUR	EUR	1.0	-17.1879	176.082	-13.0326	-9.98201	7.30006	-37.1055	-120.048	1.12507
HG00382	EUR	EUR	1.0	-16.5325	161.153	-16.3141	-11.6576	4.35173	-32.3455	-122.897	0.574918
HG00383	EUR	EUR	1.0	-16.7246	163.517	-12.5	-12.1627	6.922	-33.8897	-117.696	4.05631
HG00384	EUR	EUR	1.0	-17.6933	170.98	-14.5159	-15.8948	2.78668	-34.6103	-120.507	6.73273
HG00403	EAS	EAS	1.0	-192.21	-197.783	92.1605	-50.2865	13.508	-8.37749	15.4125	28.6666
NA21434	AFR	AFR	1.0	342.755	-105.03	-6.10556	-10.4023	53.0471	13.7838	41.287	-15.8255
NA21439	AFR	AFR	1.0	349.921	-114.311	1.22636	-5.77298	59.2185	30.8535	35.0965	-15.3326
NA21442	AFR	AFR	1.0	347.716	-109.739	1.11173	-9.35609	55.8793	20.0289	39.6628	-18.466
NA21455	AFR	AFR	1.0	338.682	-99.5284	4.9671	-10.2711	52.7707	20.6821	33.5084	-18.2928
NA21477	AFR	AFR	1.0	347.948	-112.993	1.5119	-10.7203	56.3826	21.2017	39.8559	-14.0083
NA21480	AFR	AFR	1.0	356.643	-117.662	2.92305	-11.7241	55.8365	28.6864	39.8761	-12.1817
NA21487	AFR	AFR	1.0	353.412	-110.484	-1.15912	-10.1001	52.2962	21.1165	35.2391	-10.0184
NA21490	AFR	AFR	1.0	347.651	-110.863	0.915044	-9.97891	53.0494	19.9735	43.2442	-7.53408
NA21494	AFR	AFR	1.0	344.646	-111.911	-3.66577	-10.6255	51.6561	23.958	36.4697	-10.346
NA21514	Unknown	AFR	0.7202387031852807	319.768	-91.1809	1.6099	-7.63856	46.4056	22.8716	35.9573	-17.2464
NA21525	AFR	AFR	1.0	344.79	-103.611	-3.88007	-14.1288	55.0296	21.2419	42.7098	-13.3385
NA21527	AFR	AFR	1.0	340.328	-104.929	0.203261	-15.5032	55.2856	23.1858	44.3726	-8.64804
NA21581	AFR	AFR	1.0	339.436	-105.258	0.323476	-11.8786	56.8712	21.015	41.4986	-13.8663
NA21601	AFR	AFR	1.0	347.693	-106.74	-6.05095	-8.55449	56.014	20.4851	40.1833	-17.8141
NA21608	AFR	AFR	0.8121690184358921	321.612	-95.6864	-6.72465	-15.0742	42.1451	26.7774	38.0805	-11.5958
NA21636	AFR	AFR	1.0	348.1	-110.63	1.28726	-10.7234	60.2745	26.5551	42.9711	-23.3565
NA21648	AFR	AFR	1.0	343.255	-107.637	-0.0528145	-11.8383	51.4271	20.0963	44.3397	-16.7064
NA21718	AFR	AFR	0.8257786379668891	326.701	-100.988	-0.379866	-9.19261	48.32	28.1936	36.6366	-9.30683
HG01701	EUR	EUR	1.0	11.0957	207.919	-5.52129	-16.573	37.5246	-68.2215	-93.4076	16.8221
HG01702	EUR	EUR	1.0	14.6089	212.793	-3.37664	-19.9568	39.661	-69.917	-88.6311	13.9327
HG01703	EUR	EUR	1.0	26.3145	194.556	-0.504724	-15.2792	36.2548	-57.8722	-53.1529	9.3232
HG01704	EUR	EUR	1.0	26.815	192.203	-0.870075	-19.0751	36.3681	-52.0394	-52.8351	7.63566
HG01705	EUR	EUR	1.0	28.4711	195.307	1.48775	-17.9688	38.439	-62.3473	-58.7538	11.6618
HG01706	EUR	EUR	1.0	24.7256	192.992	0.508732	-23.3984	33.1903	-54.933	-56.3724	13.3784
HG01707	EUR	EUR	1.0	25.0573	194.138	-0.642646	-16.1408	34.2467	-61.7742	-64.4123	7.05981
HG01708	EUR	EUR	1.0	20.4417	193.03	-0.350776	-19.9222	28.4963	-49.9137	-60.3666	13.4785
HG01709	EUR	EUR	1.0	23.3393	196.273	-3.04654	-16.7991	33.402	-51.8378	-60.8243	11.2141
HG01710	EUR	EUR	1.0	24.318	200.148	6.03163	-17.4633	31.449	-50.8909	-64.3297	6.06892
HG01711	EUR	EUR	1.0	23.925	199.85	-1.64443	-18.5537	32.0821	-50.0541	-63.8643	11.8999
HG01746	EUR	EUR	1.0	17.5246	203.581	2.18382	-15.6498	35.4002	-58.7289	-69.185	10.617
HG01747	EUR	EUR	1.0	18.041	202.291	-5.50772	-17.4721	33.3855	-55.027	-68.9317	8.68355
HG01748	EUR	EUR	1.0	16.7293	203.977	0.22066	-20.1892	39.698	-62.446	-68.4166	8.81472
HG01755	EUR	EUR	1.0	20.7019	190.394	0.69797	-18.5474	32.9799	-52.9203	-57.0189	9.79838
HG01756	EUR	EUR	1.0	19.3968	197.385	3.76356	-18.0078	34.6515	-56.1661	-62.7819	9.92233
HG01757	EUR	EUR	1.0	21.3852	194.249	1.90076	-15.5264	26.6566	-50.6511	-54.1669	11.8538
HG01761	EUR	EUR	1.0	21.6352	203.042	-1.27736	-19.9578	36.7678	-60.4607	-69.3054	12.3343
HG01762	EUR	EUR	1.0	18.871	207.315	0.850786	-12.4619	34.6842	-56.2794	-75.5745	14.0913
HG01763	EUR	EUR	1.0	20.9842	206.381	-0.42942	-16.5621	35.5712	-58.1514	-71.1231	12.0615
HG01770	EUR	EUR	1.0	19.5957	199.333	-5.0468	-16.0738	33.2762	-58.8585	-68.9019	9.35869
HG01771	EUR	EUR	1.0	16.5449	207.233	-5.59785	-19.2738	34.9358	-61.2714	-70.4756	15.2177
HG01772	EUR	EUR	1.0	21.1427	203.132	-3.32977	-19.2124	39.1296	-60.4157	-69.5279	14.1061
HG01773	EUR	EUR	1.0	21.3759	204.508	1.36974	-16.2966	35.8958	-59.0822	-73.9789	10.5275
HG01774	EUR	EUR	1.0	21.2921	204.787	-0.601812	-23.4335	34.9015	-58.0984	-73.0764	12.4923
HG01775	EUR	EUR	1.0	17.9964	210.15	-4.85303	-18.8113	36.3003	-58.5538	-70.365	9.4527
HG01776	EUR	EUR	1.0	12.3906	201.607	-4.52257	-13.2396	28.6469	-53.9558	-76.0597	11.0881
HG01777	EUR	EUR	1.0	14.2419	201.78	-2.45314	-15.7308	33.4498	-56.8189	-72.3668	13.6495
HG01778	EUR	EUR	1.0	14.001	204.793	-1.57061	-13.2239	32.4354	-56.7808	-73.4861	13.9111
HG01779	EUR	EUR	1.0	18.8657	206.166	2.36564	-20.6161	34.1631	-60.1073	-71.31	9.71645
HG01780	EUR	EUR	1.0	16.7797	204.178	2.48488	-17.6753	36.2466	-59.2049	-71.7985	14.2989
HG01781	EUR	EUR	1.0	18.8404	202.283	-0.388206	-15.9756	31.7094	-56.9396	-74.6895	16.7404
HG01782	EUR	EUR	1.0	20.9883	200.129	-4.11144	-20.5957	36.842	-57.0645	-51.5112	11.4827
HG01783	EUR	EUR	1.0	23.1839	196.262	-6.80726	-17.6125	39.4754	-55.26	-58.2627	8.73144
HG01784	EUR	EUR	1.0	20.1912	200.198	0.157067	-17.809	37.6197	-56.2804	-60.2815	10.3537
HG01789	EUR	EUR	1.0	5.51095	199.525	-12.3116	-11.7812	14.0213	-43.133	-100.861	17.5069
HG01790	EUR	EUR	1.0	3.98537	200.397	-8.848	-12.7552	15.4857	-45.4045	-91.5923	4.82
HG01791	EUR	EUR	1.0	7.57246	201.104	-9.55562	-13.3952	12.9601	-44.7457	-95.0311	8.66684
HG01794	EAS	EAS	1.0	-191.286	-198.572	101.529	-45.8584	8.25734	-8.3836	16.9821	46.1944
HG01795	EAS	EAS	1.0	-187.871	-191.535	97.916	-37.9598	8.02032	-4.57319	20.9603	39.1555
HG01796	EAS	EAS	1.0	-191.276	-192.744	94.9778	-43.4193	8.19348	-8.7914	21.0272	44.441
HG01797	EAS	EAS	1.0	-188.235	-192.292	95.1891	-36.6599	8.56428	-7.43899	20.6314	50.7436
HG01798	EAS	EAS	1.0	-194.531	-192.853	88.5517	-45.575	9.2064	-9.99733	12.6087	33.1106
HG01799	EAS	EAS	1.0	-193.136	-196.63	97.677	-46.2342	10.2608	-7.37059	19.375	48.3573
HG01800	EAS	EAS	1.0	-188.329	-193.717	95.3154	-47.3616	13.6628	-8.62222	20.2204	42.1868
HG01801	EAS	EAS	1.0	-185.143	-193.103	97.3923	-43.4732	6.82797	-6.64456	18.7458	47.5464
HG01802	EAS	EAS	1.0	-187.706	-194.292	93.083	-40.5519	12.076	-3.69637	19.6445	42.1717
HG01804	EAS	EAS	1.0	-188.004	-190.47	97.0255	-38.3639	5.94865	-6.6358	15.3956	46.622
HG01805	EAS	EAS	1.0	-187.777	-193.544	98.4225	-40.1706	4.81459	-9.27939	18.7523	44.8915
HG01806	EAS	EAS	1.0	-186.387	-192.397	95.6443	-39.0323	14.7679	-8.79624	17.0508	44.6636
NA20876	SAS	SAS	1.0	-33.4051	65.4945	13.1308	35.2004	-86.6183	94.9453	10.1254	3.05376
NA20877	SAS	SAS	1.0	-31.7015	65.0189	15.1206	38.6868	-85.5097	98.8729	1.77984	-2.89638
NA20878	SAS	SAS	1.0	-37.7745	65.9473	18.1417	39.5603	-85.3935	100.477	7.63396	6.81146
NA20879	SAS	SAS	1.0	-33.9879	72.8213	14.7949	27.2875	-81.4616	91.1277	1.71298	2.52692
NA20881	SAS	SAS	1.0	-21.7491	97.7772	8.96571	29.1562	-72.4029	84.2319	-2.10604	-2.54063
NA20882	SAS	SAS	1.0	-29.1908	84.1084	7.99347	29.0037	-77.4238	81.241	-8.90038	5.59664
NA20883	SAS	SAS	1.0	-31.2734	74.8676	14.3456	34.1613	-81.8009	92.6519	-2.38752	3.86461
NA20884	SAS	SAS	1.0	-34.7418	55.1177	16.6561	36.3607	-86.0647	101.25	2.93464	3.01851
NA20885	SAS	SAS	1.0	-29.4336	83.6323	11.198	31.2681	-79.5845	84.7762	-8.34451	5.26025
NA20886	SAS	SAS	1.0	-29.4753	88.652	9.8231	24.8896	-77.6329	86.5274	-3.27169	5.4054
NA20887	SAS	SAS	1.0	-31.0539	70.1678	16.0038	32.7722	-84.1327	97.2238	5.23512	2.12283
NA20888	SAS	SAS	1.0	-37.0963	61.8829	17.1363	36.1787	-87.2207	101.61	7.97348	7.40688
NA20889	SAS	SAS	1.0	-31.981	72.2401	17.9978	33.7526	-89.6049	98.697	3.51003	1.84864
NA20890	SAS	SAS	1.0	-26.9164	82.4018	7.08982	27.7544	-72.5152	82.4405	-5.42749	0.437521
NA20891	SAS	SAS	1.0	-27.7263	90.1479	9.22788	25.5402	-77.4696	81.7392	-8.27353	5.25028
NA20892	SAS	SAS	1.0	-33.0069	62.8568	14.6902	32.3421	-87.4154	99.5205	3.48869	6.82348
NA20893	SAS	SAS	1.0	-32.0507	82.1705	12.777	31.1944	-83.4347	89.2906	3.05763	1.70732
NA20894	SAS	SAS	1.0	-26.0744	82.8559	16.5097	24.6573	-83.2927	94.3678	6.40027	2.56399
NA20895	SAS	SAS	1.0	-33.9536	79.9991	14.1321	32.4173	-83.8874	89.3119	2.98441	2.14686
NA20896	SAS	SAS	1.0	-37.1564	58.253	20.4904	42.6647	-85.168	96.5121	9.93393	5.23938
NA20897	SAS	SAS	1.0	-38.5429	43.9036	23.1158	47.5153	-81.465	92.1267	14.048	3.90121
NA20898	SAS	SAS	1.0	-25.581	89.6421	9.01311	25.6894	-78.4141	86.4804	-3.53442	5.80992
NA20899	SAS	SAS	1.0	-34.0524	63.5154	17.9849	40.578	-83.5439	96.7021	6.45973	2.40417
NA20900	SAS	SAS	1.0	-30.3333	85.5386	7.25738	24.8386	-75.3617	80.7402	-12.4455	9.66035
NA20901	SAS	SAS	1.0	-32.7215	67.0258	10.1163	31.1512	-81.2242	94.3536	2.4279	1.32533
NA20902	SAS	SAS	1.0	-34.8967	59.3283	14.5734	32.8419	-89.5899	102.255	8.29454	1.80438
NA20903	SAS	SAS	1.0	-29.0773	72.8705	15.2822	34.4172	-84.4887	92.6622	4.19167	4.00508
NA20904	SAS	SAS	1.0	-25.6736	99.7898	-0.246804	22.2674	-76.3223	78.8777	-9.86899	5.1976
NA20905	SAS	SAS	1.0	-31.1987	71.3526	17.7574	33.0557	-85.0474	94.8893	3.17539	-1.1915
NA20906	SAS	SAS	1.0	-37.2001	48.1933	17.3915	40.7401	-80.2155	91.6984	7.13503	6.93296
NA20907	SAS	SAS	1.0	-25.6908	86.6841	8.13834	29.0866	-77.7496	80.8048	-8.46733	4.7386
NA20908	SAS	SAS	1.0	-36.1022	53.7735	19.5213	40.1207	-78.6005	90.7267	3.44358	7.58454
NA20909	SAS	SAS	1.0	-23.7601	100.098	5.65941	20.5901	-75.4873	77.4398	-16.4785	-2.40733
NA20910	SAS	SAS	1.0	-19.0756	98.1033	3.61975	20.9295	-79.0798	80.3568	-13.5699	-0.61031
NA20911	SAS	SAS	1.0	-34.2636	60.6318	17.2045	36.7828	-86.3503	97.2425	3.77292	7.04873
NA21086	SAS	SAS	1.0	-36.9515	59.0405	18.0179	36.7158	-85.7464	98.4323	2.13441	7.1524
NA21087	SAS	SAS	1.0	-38.0555	59.8821	18.852	36.1129	-86.9061	100.604	8.31815	2.40898
NA21088	SAS	SAS	1.0	-35.9453	65.1905	17.8771	40.9309	-90.2463	99.9748	1.43942	-3.50389
NA21089	SAS	SAS	1.0	-32.4964	64.3632	19.1463	36.3516	-87.1515	102.51	14.1623	3.95138
NA21090	SAS	SAS	1.0	-29.0833	57.8925	18.6082	40.5885	-91.4838	100.824	10.5699	3.87713
NA21091	SAS	SAS	1.0	-30.1531	64.7913	25.6147	37.718	-86.553	100.893	4.57203	-0.563382
NA21092	SAS	SAS	1.0	-34.7528	71.6993	16.0585	35.5821	-79.4192	87.1079	5.01339	-3.3879
NA21093	SAS	SAS	1.0	-36.1805	61.7638	20.2588	34.591	-86.9556	102.909	7.81071	7.96282
NA21094	SAS	SAS	1.0	-32.4751	60.2154	15.2125	37.9506	-91.1128	100.834	10.6913	3.12622
NA21095	SAS	SAS	1.0	-36.9513	59.2939	12.9317	36.2752	-87.63	101.434	8.41644	4.92729
NA21097	SAS	SAS	1.0	-32.6455	70.0692	11.6604	35.2838	-84.9717	98.2709	1.50847	-1.66715
NA21098	SAS	SAS	1.0	-35.8062	60.0332	17.0083	32.4589	-86.9279	100.546	13.9478	3.91064
NA21099	SAS	SAS	1.0	-31.966	72.2662	16.1956	32.7337	-86.5442	98.665	4.10337	4.70213
NA21100	SAS	SAS	1.0	-32.8061	61.8005	15.8628	38.1652	-86.2785	102.726	5.1549	7.82455
NA21101	SAS	SAS	1.0	-36.3467	64.3716	13.0965	30.6387	-84.5125	94.3461	6.31091	4.49757
NA18564	EAS	EAS	1.0	-193.435	-192.533	85.0067	-51.391	8.63142	-11.8665	6.12937	10.3042
NA18565	EAS	EAS	1.0	-194.731	-198.125	90.9141	-56.8104	14.9137	-11.7588	13.0454	25.8864
NA18566	EAS	EAS	1.0	-200.132	-194.789	83.9796	-50.7822	8.88904	-9.17704	5.89073	10.4151
NA18567	EAS	EAS	1.0	-195.903	-198.817	83.5584	-55.2538	12.8914	-13.2748	4.8498	13.536
NA18570	EAS	EAS	1.0	-199.202	-201.202	91.7302	-54.4975	10.867	-13.368	10.8981	18.7489
NA18571	EAS	EAS	1.0	-191.818	-196.443	89.2782	-49.0684	15.2089	-16.6456	12.6891	24.8334
NA18572	EAS	EAS	1.0	-199.854	-205.978	88.0801	-56.0468	10.5085	-11.5904	3.66768	11.0943
NA18573	EAS	EAS	1.0	-193.529	-194.534	88.7464	-52.9915	9.48159	-6.04998	14.4666	25.8672
NA18574	EAS	EAS	1.0	-199.53	-196.555	89.2305	-54.0444	8.12178	-5.17024	6.51266	12.0147
NA18576	EAS	EAS	1.0	-192.439	-191.33	86.1992	-54.0394	5.13739	-7.10996	4.98955	12.0448
NA18577	EAS	EAS	1.0	-198.632	-200.966	88.8207	-51.2121	8.30458	-10.5239	2.4792	16.4946
NA18579	EAS	EAS	1.0	-195.713	-195.171	85.5726	-55.3865	4.46872	-7.56122	6.21288	13.0286
NA18582	EAS	EAS	1.0	-197.41	-195.631	95.899	-55.6764	6.02132	-13.993	8.81298	22.9981
NA18591	EAS	EAS	1.0	-202.184	-200.913	86.2266	-54.0226	7.39509	-9.29227	13.0568	28.4575
NA18592	EAS	EAS	1.0	-197.748	-194.996	86.5288	-55.4633	12.38	-13.5071	8.6946	8.99005
NA18593	EAS	EAS	1.0	-196.538	-197.735	84.8692	-51.882	5.9941	-9.51914	7.42263	8.20979
NA18595	EAS	EAS	1.0	-198.244	-194.015	91.9843	-53.4064	9.36023	-12.8159	6.29753	13.6932
NA18596	EAS	EAS	1.0	-201.353	-200.912	90.6692	-56.4675	13.1722	-13.5254	6.19301	6.47576
NA18597	EAS	EAS	1.0	-195.172	-191.471	83.7335	-54.54	8.1007	-4.98245	4.58188	11.4169
NA18599	EAS	EAS	1.0	-195.906	-193.944	83.7867	-54.6906	13.0346	-10.338	6.52625	5.70281
NA18602	EAS	EAS	1.0	-198.653	-194.754	82.8605	-53.6557	9.85974	-11.2784	5.17732	14.1328
NA18603	EAS	EAS	1.0	-200.381	-201.591	91.2661	-52.3281	9.40788	-9.84439	12.3196	23.1834
NA18605	EAS	EAS	1.0	-198.524	-198.833	88.1815	-58.4663	6.42098	-9.28609	3.00548	14.9761
NA18606	EAS	EAS	1.0	-197.768	-199.412	97.161	-48.2153	13.1065	-10.2815	12.8046	30.1239
NA18608	EAS	EAS	1.0	-197.779	-188.607	81.8703	-48.3398	8.93763	-11.9059	0.0607838	6.58837
NA18609	EAS	EAS	1.0	-197.048	-190.345	81.586	-51.9653	7.23638	-11.9215	1.47241	8.66576
NA18610	EAS	EAS	1.0	-197.252	-194.844	84.4742	-50.6362	11.6491	-12.5131	7.93672	10.6416
NA18611	EAS	EAS	1.0	-195.321	-193.855	85.8623	-47.5625	7.61492	-6.8766	9.17737	13.2072
NA18612	EAS	EAS	1.0	-196.108	-197.715	85.8245	-50.3357	12.0304	-10.961	10.4501	11.823
NA18613	EAS	EAS	1.0	-199.024	-193.614	79.4662	-55.8782	8.9238	-8.42356	5.58608	8.66747
NA18614	EAS	EAS	1.0	-200.96	-198.401	91.7942	-51.7923	8.46437	-9.31294	10.6747	9.98889
NA18615	EAS	EAS	1.0	-196.153	-193.228	91.8939	-55.6037	9.12657	-4.82831	6.78037	15.1665
NA18616	EAS	EAS	1.0	-201.562	-196.427	94.3277	-47.6846	6.50356	-7.36361	9.05526	20.6999
NA18617	EAS	EAS	1.0	-196.055	-197.127	93.1924	-46.8939	9.5868	-8.27201	14.2192	29.853
NA18618	EAS	EAS	1.0	-193.355	-192.142	83.2056	-54.5522	6.40332	-6.50912	5.51415	6.05788
NA18619	EAS	EAS	1.0	-195.2	-192.863	89.7285	-57.6412	11.0123	-12.2872	5.25853	11.1871
NA18620	EAS	EAS	1.0	-198.55	-193.798	85.5064	-53.4785	6.73182	-8.74288	5.69292	9.7822
NA18621	EAS	EAS	1.0	-199.437	-196.097	87.3722	-55.5517	12.6389	-13.811	10.9243	2.95453
NA18622	EAS	EAS	1.0	-195.606	-196.468	95.0187	-51.4825	8.92903	-11.8265	4.92139	14.9164
NA18623	EAS	EAS	1.0	-195.212	-194.495	85.2809	-51.4957	8.9106	-9.89804	1.48573	6.48943
NA18624	EAS	EAS	1.0	-198.811	-197.112	94.5858	-52.9742	9.97171	-13.4581	3.42918	16.1273
NA18625	EAS	EAS	1.0	-199.172	-195.277	86.3573	-54.7957	10.5231	-11.9395	8.38506	10.7501
NA18626	EAS	EAS	1.0	-193.442	-187.713	82.5794	-55.8651	8.37056	-11.9846	3.13784	8.01735
NA18627	EAS	EAS	1.0	-199.077	-195.709	91.7762	-51.6621	12.665	-9.04167	9.2447	25.45
NA18628	EAS	EAS	1.0	-192.018	-195.998	96.2922	-46.2433	12.2271	-10.4757	17.9159	35.3153
NA18629	EAS	EAS	1.0	-196.697	-194.55	93.5604	-49.6503	10.1206	-12.0246	10.7513	16.022
NA18630	EAS	EAS	1.0	-197.273	-196.247	92.0023	-46.691	12.675	-12.1111	15.9785	29.6882
NA18631	EAS	EAS	1.0	-199.172	-199.998	88.9948	-50.5617	12.8683	-10.1776	12.34	22.1065
NA18632	EAS	EAS	1.0	-196.227	-201.921	91.2314	-50.1098	15.9942	-12.6042	15.3154	29.6797
NA18633	EAS	EAS	1.0	-199.314	-201.951	83.8309	-56.7013	10.641	-11.3251	8.87011	16.1884
HG01257	EUR	EUR	1.0	-35.3876	101.398	-99.7038	-0.77708	27.6593	-42.124	-47.8985	-2.52855
HG01258	EUR	EUR	1.0	-23.7441	129.08	-73.6817	-3.93728	29.4731	-46.2474	-47.4467	2.65179
HG01259	EUR	EUR	1.0	1.2149	150.174	-40.7709	-10.2259	29.2545	-48.0785	-56.1799	11.1222
HG01260	EUR	EUR	0.8955222976644199	11.5523	45.3094	-104.877	-1.18333	32.7973	-26.9909	-26.861	1.1993
HG01261	EUR	EUR	1.0	-0.102194	94.1368	-77.2169	-5.90831	31.8829	-38.77	-40.0232	9.60688
HG01271	EUR	EUR	1.0	0.466684	86.8407	-85.5568	-5.18407	33.5274	-34.1107	-37.9019	-3.42061
HG01272	Unknown	SAS	0.6054535065608526	34.4832	21.7893	-105.262	2.70864	36.9742	-15.6688	-36.5931	-6.79509
HG01273	Unknown	EUR	0.6993579236715178	34.6165	45.1292	-92.2203	-1.67986	36.8622	-17.9461	-39.5363	-1.43466
HG01274	EUR	EUR	1.0	-31.0811	81.3976	-97.7723	-3.08828	31.1141	-38.6111	-38.8383	1.35579
HG01275	EUR	EUR	1.0	10.2091	186.118	-18.4017	-19.7452	29.3949	-51.1414	-70.234	11.1874
HG01276	EUR	EUR	1.0	-10.9338	129.411	-62.881	-15.2171	29.6715	-40.419	-53.0429	5.3827
HG01277	EUR	EUR	1.0	-49.1089	76.9943	-122.01	-1.9806	28.8757	-40.4387	-31.9485	0.551163
HG01278	EUR	EUR	1.0	-44.4688	75.6914	-120.956	-4.97318	24.7252	-35.0726	-39.9114	3.67884
HG01279	EUR	EUR	1.0	-42.1161	86.3878	-116.963	-4.55762	30.1884	-40.5677	-38.3393	2.09186
HG01315	GME	GME	1.0	76.2581	88.7844	-40.8375	-11.9607	46.5084	-20.5628	-46.442	3.15031
HG01318	EUR	EUR	1.0	39.8076	143.979	-31.3905	-18.5618	40.4855	-41.2564	-50.1227	6.542
HG01321	EUR	EUR	1.0	26.8298	129.711	-44.9416	-6.13277	38.0711	-41.7975	-48.6817	1.06243
HG01330	EUR	EUR	1.0	43.3111	100.821	-55.3389	-12.4831	38.5461	-36.2683	-45.2576	-0.0285965
HG01334	EUR	EUR	1.0	2.87891	196.044	-15.2878	-8.96387	16.4387	-42.3461	-96.8967	8.38286
HG01341	AMR	AMR	1.0	-99.7936	4.1116	-193.246	6.16924	21.1009	-26.1908	-17.0463	-12.8246
HG01342	Unknown	SAS	0.5168817704722	131.082	-16.2746	-85.897	-7.87934	51.1335	8.34454	-30.9197	-2.61834
HG01343	Unknown	SAS	0.655352738992601	1.5128	-3.24317	-146.044	-2.25157	33.6955	-9.58123	-20.5871	-3.15142
HG01344	Unknown	EUR	0.5806182686858665	-49.2273	55.2667	-140.453	-0.248099	26.2424	-33.9462	-32.6789	-7.34461
HG01345	EUR	EUR	1.0	-6.09134	108.228	-73.3931	-5.89625	31.1366	-35.5246	-40.9238	-0.907315
HG01346	EUR	EUR	1.0	-30.9293	81.7972	-109.623	-5.80369	26.4632	-33.0108	-32.0131	-3.26269
HG01347	EUR	EUR	1.0	-21.371	130.511	-73.0786	-7.0539	31.1354	-48.043	-40.7413	5.42689
HG01348	Unknown	EUR	0.6915807861494371	-41.0526	54.318	-131.791	-2.87114	24.1598	-25.9245	-34.564	-6.55879
HG01349	EUR	EUR	1.0	-27.5032	108.448	-89.8855	-4.08354	28.8905	-38.898	-37.3475	3.46208
HG01350	Unknown	SAS	0.5862745599413186	-32.6709	41.97	-133.723	-0.398308	31.941	-20.7898	-27.8341	-12.9164
HG01351	EUR	EUR	1.0	-36.1078	101.948	-97.4887	-5.12592	27.0081	-43.1718	-40.3373	1.91495
HG01352	EUR	EUR	1.0	-32.3745	79.6919	-108.979	-4.72065	28.5055	-36.219	-38.5509	-8.76558
HG01353	EUR	EUR	1.0	-11.2279	129.568	-66.3175	-14.01	27.9794	-43.2805	-49.1232	-2.84724
HG01354	EUR	EUR	1.0	-9.62341	145.724	-55.532	-6.06159	35.7178	-48.0219	-43.1283	7.19391
HG01355	EUR	EUR	1.0	-15.9592	127.654	-71.2619	-7.87579	32.5976	-43.6489	-42.848	-0.201632
HG01356	EUR	EUR	1.0	-17.7936	80.5177	-107.254	4.57211	29.8262	-34.3361	-35.8725	-5.57057
HG01357	EUR	EUR	1.0	-37.7908	98.3134	-96.3187	-7.42308	27.8408	-41.3015	-43.2426	-3.89844
HG01358	EUR	EUR	1.0	-38.7539	81.4952	-112.473	3.47646	24.5747	-34.8283	-34.5226	-9.41295
HG01359	EUR	EUR	1.0	-14.6169	101.525	-83.8914	-11.5197	31.0768	-37.0516	-44.4127	0.522667
HG01360	EUR	EUR	1.0	-2.90687	98.9032	-80.0739	-7.43188	29.0199	-36.0232	-40.6002	5.41923
HG01361	EUR	EUR	1.0	-15.2788	98.391	-86.1715	-9.23903	29.921	-36.2974	-47.4919	6.06655
HG01365	EUR	EUR	1.0	26.6797	54.1535	-95.3474	1.22653	39.7007	-21.9891	-42.4878	2.08242
HG01366	EUR	EUR	1.0	10.4286	68.5963	-88.9046	-11.9614	37.5784	-35.3117	-49.9154	2.73599
HG01367	EUR	EUR	1.0	27.3541	58.9622	-90.024	-2.02497	39.0001	-25.2934	-45.0445	-1.47553
HG01374	EUR	EUR	1.0	-27.0452	115.142	-90.4143	-7.17689	25.4423	-37.846	-33.4812	-1.97666
HG01375	EUR	EUR	0.8978482763725092	20.4482	43.1029	-104.306	-6.50434	34.232	-23.6634	-35.9902	1.62448
HG01376	EUR	EUR	1.0	-0.234806	76.181	-94.5042	-9.10832	30.8707	-29.558	-32.5373	1.98617
HG01377	EUR	EUR	0.8995776515244998	-1.12154	61.056	-103.575	-3.08307	30.185	-29.5914	-31.1607	-2.54759
HG01378	Unknown	EUR	0.6941332533524549	-41.3395	56.2023	-126.696	0.718847	31.04	-33.0731	-29.4777	-10.5485
HG01379	EUR	EUR	0.8967693678592248	-9.76691	51.4079	-114.141	-2.91877	33.4481	-31.6341	-29.8206	-7.11729
HG01383	EUR	EUR	1.0	-16.072	109.486	-85.7276	-3.71589	29.1594	-39.6118	-46.9671	-1.7186
HG01517	EUR	EUR	1.0	16.8833	208.38	-0.496738	-13.2285	35.6192	-65.2055	-84.039	17.0298
HG01518	EUR	EUR	1.0	14.915	207.524	-2.19686	-19.36	34.7522	-64.4386	-90.2623	18.3557
HG01519	EUR	EUR	1.0	13.9137	213.175	-3.98382	-21.4569	33.6185	-66.8676	-91.6368	16.0468
HG01520	EUR	EUR	1.0	9.9494	205.73	-4.89331	-23.0821	35.376	-61.9997	-89.8729	17.6838
HG01521	EUR	EUR	1.0	8.33601	208.063	-2.09493	-17.2678	34.9855	-63.6775	-97.1467	18.3682
HG01522	EUR	EUR	1.0	7.09391	204.168	-2.40259	-19.267	32.5893	-65.3294	-87.2392	5.97074
HG01523	EUR	EUR	1.0	7.02204	206.661	-2.17933	-19.6906	34.1738	-68.2303	-93.2563	11.7033
HG01524	EUR	EUR	1.0	18.777	197.721	-0.353125	-16.6554	38.015	-59.606	-59.7911	-2.7697
HG01525	EUR	EUR	1.0	19.232	192.907	1.347	-12.4652	39.118	-57.2929	-59.3065	8.67111
HG01526	EUR	EUR	1.0	17.3163	194.542	0.817854	-11.7371	35.5596	-58.9361	-57.2186	2.15971
HG01527	EUR	EUR	1.0	30.4609	191.801	-3.49341	-14.6434	34.6334	-52.1494	-58.1424	8.6486
HG01528	EUR	EUR	1.0	20.9212	199.118	-1.10614	-14.6377	38.3935	-55.6196	-65.093	8.29305
HG01529	EUR	EUR	1.0	25.2363	198.893	-1.94128	-17.2082	36.1253	-55.0755	-62.4734	7.91863
HG01530	EUR	EUR	1.0	23.1283	193.435	3.24336	-16.2161	37.6182	-55.6491	-66.5322	8.02663
HG01531	EUR	EUR	1.0	25.2884	197.262	-0.913555	-16.2665	34.171	-54.5884	-60.5219	16.6533
HG01532	EUR	EUR	1.0	25.0877	197.863	2.77531	-18.1959	34.4328	-53.6062	-59.0779	13.0919
HG01536	EUR	EUR	1.0	19.3906	195.51	-1.09701	-15.5273	33.6154	-56.7055	-77.0191	13.987
HG01537	EUR	EUR	1.0	17.7995	201.159	-2.55334	-17.0289	28.8638	-56.5319	-64.2749	10.7228
HG01538	EUR	EUR	1.0	17.3756	199.259	-0.727523	-20.2498	32.617	-54.5959	-74.3211	14.7542
HG01550	EUR	EUR	1.0	-2.86382	104.19	-77.505	-5.48695	31.9808	-37.7331	-37.0931	4.90324
HG01551	Unknown	SAS	0.528585461031591	147.398	-36.3909	-83.3657	-4.36218	58.53	16.9462	-34.8363	-0.681092
HG01552	GME	GME	0.802528287451714	78.4495	43.749	-71.6677	-3.85489	46.3622	-11.0551	-42.7064	1.01782
HG01555	EUR	EUR	1.0	-18.2653	105.331	-77.858	-1.94569	31.3305	-37.6776	-46.0197	0.80835
HG01561	EUR	EUR	0.9016444210575026	21.5703	65.7688	-88.5855	-7.20717	31.488	-23.5713	-28.2077	-4.67521
HG01565	AMR	AMR	1.0	-123.069	-30.1628	-232.73	10.0039	18.1024	-20.7977	-14.1482	-16.308
HG01566	Unknown	SAS	0.6189515947988995	-74.187	39.7265	-153.266	2.1231	25.4241	-29.4618	-22.2252	-12.8331
HG01567	AMR	AMR	1.0	-94.9717	5.60691	-192.571	4.79279	24.2429	-25.9624	-16.5523	-17.5969
HG01571	AMR	AMR	1.0	-114.16	-15.8716	-213.716	8.99749	19.1189	-25.5045	-20.1298	-24.2238
HG01572	AMR	AMR	1.0	-177.652	-110.728	-319.747	21.7332	13.4938	-12.7676	0.839173	-30.1613
HG01573	AMR	AMR	1.0	-140.539	-59.0911	-263.488	12.545	14.1086	-17.0379	-13.0072	-30.7572
HG01577	Unknown	SAS	0.6457493587653136	-43.4665	33.4408	-148.08	1.7713	26.41	-21.5037	-32.7936	-10.4087
HG01578	AMR	AMR	1.0	-102.202	-0.877211	-204.094	3.9236	19.9096	-23.1822	-15.8019	-14.3138
HG01579	AMR	AMR	0.9252877400245403	-71.5581	20.5629	-176.154	4.5429	27.8534	-26.9537	-23.6462	-14.2935
HG01595	EAS	EAS	1.0	-188.117	-190.313	95.7739	-46.3245	11.233	-8.74822	22.2733	37.6709
HG01596	EAS	EAS	1.0	-185.72	-184.489	93.962	-34.8694	5.61058	-3.63498	15.6669	36.298
HG01597	EAS	EAS	1.0	-186.06	-192.952	100.284	-37.0161	8.80447	-5.49437	14.3643	44.1653
HG01598	EAS	EAS	1.0	-186.709	-188.286	89.6184	-42.4994	10.994	-9.08045	16.3978	42.1093
HG01599	EAS	EAS	1.0	-185.413	-185.411	93.8988	-38.7392	5.90397	-5.72763	22.0438	38.6314
HG01600	EAS	EAS	1.0	-188.841	-192.401	95.3203	-39.3542	11.8309	-11.6171	22.0306	44.461
HG01601	EUR	EUR	1.0	18.1786	190.195	-5.29435	-12.6626	34.8008	-56.8415	-60.9236	15.1019
HG01602	EUR	EUR	1.0	22.4342	193.792	-3.71223	-15.1203	36.6591	-55.8546	-62.06	15.8338
HG01603	EUR	EUR	1.0	18.8483	196.451	-3.25627	-15.943	33.2555	-55.0078	-68.8113	10.591
HG01604	EUR	EUR	1.0	18.2724	204.78	-1.87091	-20.5483	31.4474	-54.5197	-68.8198	12.0818
HG01605	EUR	EUR	1.0	14.7675	201.085	-1.01933	-14.0173	35.6036	-57.1718	-72.77	13.0677
HG01606	EUR	EUR	1.0	16.122	204.585	-1.56724	-18.6158	36.8228	-59.7851	-68.8978	10.7041
HG01607	EUR	EUR	1.0	18.0579	203.236	-2.70122	-13.6623	32.9171	-50.268	-63.8227	5.82761
HG01608	EUR	EUR	1.0	20.7416	195.921	-3.77107	-13.534	34.2031	-59.0299	-70.7102	15.5525
HG01609	EUR	EUR	1.0	21.0083	199.285	-4.74064	-13.3715	37.0512	-57.5593	-69.8764	8.77304
HG01610	EUR	EUR	1.0	23.9571	200.194	0.857569	-16.7509	37.53	-59.2024	-57.3992	17.6083
HG01611	EUR	EUR	1.0	25.6701	196.754	3.58664	-17.9958	40.4597	-56.9267	-55.8728	8.73087
HG02084	EAS	EAS	1.0	-185.057	-189.094	89.2361	-39.7331	5.78219	-8.86341	21.296	38.3893
HG02085	EAS	EAS	1.0	-188.042	-186.814	94.7913	-41.429	2.36334	-4.26315	16.1927	41.5931
HG02086	EAS	EAS	1.0	-187.29	-186.337	91.2502	-39.6665	6.16743	-6.40108	20.9507	38.9687
HG02087	EAS	EAS	1.0	-185.387	-189.017	98.143	-40.6526	6.31621	-8.38172	16.2751	31.4922
HG02088	EAS	EAS	1.0	-185.956	-194.921	95.2601	-38.2143	7.54827	-8.78499	23.3909	41.9519
HG02089	AMR	AMR	1.0	-110.792	-19.099	-215.866	7.7099	14.9483	-17.3556	-13.2603	-23.5656
HG02090	AMR	AMR	1.0	-40.748	-37.8008	-189.973	5.81994	27.3411	-6.3849	-20.6864	-18.2382
HG02091	AMR	AMR	1.0	-65.6106	-26.1114	-194.2	4.07536	21.7173	-11.3241	-18.4941	-16.791
HG02095	AFR	AFR	1.0	450.4	-195.543	-11.4507	-15.6445	100.327	94.5679	-38.1483	-5.72387
HG02104	AMR	AMR	1.0	-165.731	-101.543	-295.716	24.2767	15.8099	-16.0836	-2.10551	-26.7699
HG02105	AMR	AMR	1.0	-179.409	-110.936	-309.625	23.433	10.6875	-10.2867	2.75707	-19.423
HG02106	AMR	AMR	1.0	-177.773	-113.783	-310.593	24.9396	11.3312	-13.0315	1.04434	-24.6869
HG02107	AFR	AFR	1.0	466.654	-207.88	-12.827	-13.0847	97.0507	96.5665	-31.3589	-10.2174
HG02108	AFR	AFR	1.0	403.699	-147.964	-13.0872	-12.1373	90.4903	77.4551	-46.4235	-4.5945
HG02111	AFR	AFR	1.0	448.289	-192.655	-11.407	-15.6227	95.7448	87.4239	-41.4569	3.58583
HG02113	EAS	EAS	1.0	-189.646	-186.536	92.9965	-39.55	6.73471	-7.43631	20.6426	40.7604
HG02116	EAS	EAS	1.0	-185.554	-184.816	93.9558	-37.3126	4.40174	-6.41216	16.8282	41.3183
HG02120	EAS	EAS	1.0	-184.866	-186.218	95.9203	-39.3948	6.6186	-5.32179	16.4051	34.0945
HG02121	EAS	EAS	1.0	-183.264	-183.431	94.3631	-38.1016	8.48348	-6.7475	23.365	44.8848
HG02122	EAS	EAS	1.0	-185.961	-193.756	94.4014	-41.001	9.218	-7.09813	14.3714	31.5101
HG02126	EAS	EAS	1.0	-186.019	-189.717	93.5302	-36.8603	7.25363	-7.42731	18.4041	38.6753
HG02127	EAS	EAS	1.0	-188.107	-191.782	93.7659	-34.6476	7.04952	-6.43783	20.1802	35.6383
HG02128	EAS	EAS	1.0	-184.712	-184.907	91.7993	-39.7317	6.33931	-6.20366	19.088	41.7608
HG02129	EAS	EAS	1.0	-181.75	-179.378	89.8711	-30.4796	3.82188	-1.00051	20.5711	42.0348
HG02130	EAS	EAS	1.0	-190.231	-184.73	93.3334	-31.5869	6.4775	-3.35017	23.113	45.6534
HG02131	EAS	EAS	1.0	-171.106	-170.705	87.3275	-26.4423	0.163988	3.78476	17.1075	38.0656
HG02132	EAS	EAS	1.0	-180.13	-183.422	94.4418	-34.893	8.27057	-3.6844	21.9061	47.8816
HG02133	EAS	EAS	1.0	-182.903	-186.779	96.5139	-33.1852	5.57733	-4.86411	20.1921	43.5235
HG02134	EAS	EAS	1.0	-186.89	-189.789	97.4221	-38.7654	12.7202	-7.79003	20.1697	44.2026
HG02135	EAS	EAS	1.0	-185.538	-184.655	93.1799	-38.7444	5.49893	-0.148531	16.4393	42.3645
HG02136	EAS	EAS	1.0	-181.46	-185.516	98.3262	-39.0193	5.69211	-1.83979	18.1374	42.9083
HG02137	EAS	EAS	1.0	-190.278	-187.968	98.1896	-42.062	4.19541	-0.771668	14.7817	43.5749
HG02138	EAS	EAS	1.0	-183.841	-185.414	94.6264	-39.085	8.37372	-8.45738	21.7093	34.4333
HG02139	EAS	EAS	1.0	-185.744	-185.473	92.157	-39.9842	9.70555	-8.48329	19.6968	33.9608
HG02140	EAS	EAS	1.0	-187.35	-187.682	93.3897	-45.2666	7.07744	-8.24315	18.0241	43.6322
HG02141	EAS	EAS	1.0	-186.068	-185.111	98.1678	-41.0612	5.50593	-3.31514	20.0666	39.5619
HG02142	EAS	EAS	1.0	-169.395	-151.594	83.071	-41.069	8.04621	-7.17614	11.161	36.5763
HG02143	AFR	AFR	1.0	395.51	-146.251	-13.9172	-8.99873	87.5698	75.0128	-51.8209	-0.157221
HG02144	AFR	AFR	1.0	452.216	-197.699	-15.2335	-16.407	100.093	92.6509	-41.9274	-6.47897
HG02145	AFR	AFR	1.0	419.545	-169.741	-16.5279	-15.2204	92.994	86.3104	-43.6609	-4.51123
HG02146	AMR	AMR	1.0	-160.725	-91.3145	-292.222	22.6032	14.8643	-13.4748	-5.04149	-23.5235
HG02147	AMR	AMR	1.0	-171.688	-102.949	-303.028	15.7827	13.2032	-13.4446	-7.21735	-24.6387
HG02148	AMR	AMR	1.0	-166.847	-93.4441	-296.176	22.8141	16.1858	-11.8431	-3.6469	-22.3464
HG02151	EAS	EAS	1.0	-182.809	-187.693	96.5434	-38.2504	7.39279	-5.61598	19.2656	45.8542
HG02152	EAS	EAS	1.0	-187.831	-189.782	93.3932	-44.0055	9.34071	-4.33353	22.6892	41.8135
HG02153	EAS	EAS	1.0	-187.18	-188.357	97.5983	-34.5206	5.96912	-9.35853	17.224	41.5475
HG02154	EAS	EAS	1.0	-191.928	-191.611	96.8595	-37.131	6.71573	-7.15113	21.3686	44.1855
HG02155	EAS	EAS	1.0	-190.034	-195.091	95.3647	-42.0016	10.456	-7.21204	20.1814	45.5069
HG02156	EAS	EAS	1.0	-187.865	-192.287	95.8847	-38.9725	8.54943	-9.14358	19.1924	43.5049
HG02164	EAS	EAS	1.0	-187.814	-192.149	97.016	-41.5167	9.25651	-4.63354	21.1178	41.7706
NA19712	AFR	AFR	1.0	425.897	-175.4	-12.828	-15.5216	94.7352	84.8235	-35.7937	-8.21213
NA19713	AFR	AFR	1.0	355.381	-108.663	-8.40489	-19.9219	75.6372	55.9432	-55.8554	-1.10987
NA19714	Unknown	AFR	0.6646017860767394	297.644	-65.8107	-10.8007	-11.4753	65.6444	40.6599	-59.1433	0.103425
NA19716	AMR	AMR	1.0	-70.5054	-5.12295	-175.404	3.43684	21.8855	-22.2854	-23.2085	-33.9312
NA19717	AMR	AMR	1.0	-84.5592	-10.9774	-196.297	4.27939	18.5193	-22.6819	-17.5685	-32.0722
NA19718	AMR	AMR	1.0	-80.8918	-10.3881	-192.885	4.99201	18.6014	-18.4143	-21.2244	-33.6599
NA19719	Unknown	SAS	0.6653610789208262	-42.1563	38.7561	-137.763	-0.735563	30.9902	-27.6006	-28.1506	-24.0087
NA19720	AMR	AMR	1.0	-91.8452	-36.1309	-213.915	7.49003	22.658	-18.1128	-19.033	-31.1718
NA19721	AMR	AMR	0.9270413506599697	-69.9757	8.22047	-172.018	1.56273	28.0042	-24.723	-23.7943	-32.378
NA19722	Unknown	SAS	0.616514763906251	-59.2176	24.6609	-151.291	4.92955	25.2409	-23.542	-32.6563	-23.7451
NA19723	Unknown	AMR	0.6737051166211877	-46.32	0.0612621	-160.109	0.808661	27.4997	-20.4381	-20.9155	-30.1292
NA19724	Unknown	SAS	0.6479876854188694	-50.2633	35.6481	-144.034	2.63165	26.3292	-25.8825	-31.3198	-21.2214
NA19725	EUR	EUR	1.0	-35.2216	69.3037	-119.273	-2.45819	30.4359	-39.1786	-35.0239	-19.3323
NA19726	AMR	AMR	1.0	-104.196	-9.83597	-198.424	5.32638	19.1163	-19.7094	-16.5641	-29.3905
NA19727	Unknown	AMR	0.5702628208611882	-70.699	31.5425	-156.915	1.47426	26.6326	-31.8541	-22.8467	-18.5482
NA19728	AMR	AMR	1.0	-175.16	-109.302	-295.41	18.3807	11.6589	-7.70072	-3.48216	-47.0332
NA19729	AMR	AMR	1.0	-164.305	-102.126	-289.856	16.3527	10.1485	-6.77301	-3.51713	-42.9247
NA19730	AMR	AMR	1.0	-171.399	-108.759	-289.682	17.1777	13.0714	-6.68195	-4.10198	-44.1696
NA19731	AMR	AMR	1.0	-180.708	-118.631	-306.066	17.2367	7.63265	-2.62416	-3.56881	-54.376
NA19732	AMR	AMR	1.0	-179.446	-114.683	-309.968	15.6103	11.099	-9.05589	-3.78009	-53.9284
NA19733	AMR	AMR	1.0	-178.939	-111.67	-300.991	17.4284	10.0845	-8.17998	-0.538356	-48.2086
NA19734	AMR	AMR	1.0	-106.962	-16.2091	-209.621	6.99005	18.1105	-22.5811	-16.3398	-30.8423
NA19735	AMR	AMR	1.0	-149.699	-88.8816	-271.176	16.7748	13.2092	-8.46662	-3.60785	-46.7851
NA19737	Unknown	SAS	0.6038869814610319	-39.8679	55.9807	-108.155	-5.16415	24.6698	-23.7565	-24.1118	-21.7144
NA19738	Unknown	SAS	0.4698568252372319	-62.3271	50.4566	-143.597	-0.62965	25.6976	-31.8946	-28.5707	-20.7246
NA19740	AMR	AMR	1.0	-127.083	-67.9104	-237.684	8.16891	17.2712	-16.8262	-14.649	-47.8021
NA19741	AMR	AMR	1.0	-150.171	-80.3214	-263.801	22.415	17.455	-15.2631	-8.83576	-45.771
NA19742	AMR	AMR	1.0	-103.024	-66.1852	-224.159	11.0403	19.7492	-13.6661	-11.7205	-43.3224
NA19746	AMR	AMR	1.0	-111.116	-42.2596	-217.697	7.83094	18.2508	-13.7112	-8.89769	-47.1784
NA19747	AMR	AMR	0.7713096061172202	-77.3638	14.0547	-165.373	7.0784	24.1306	-26.4556	-21.5956	-26.7396
NA19748	AMR	AMR	1.0	-99.7871	-22.1688	-195.808	6.74757	20.4956	-20.2643	-15.6395	-37.804
NA19749	SAS	SAS	0.9047206678328621	-52.9984	45.7276	-102.353	-2.68204	19.3278	-23.3756	-34.7521	-15.0438
NA19750	EUR	EUR	1.0	-30.6319	89.2131	-95.4107	-5.12593	29.7644	-38.7618	-43.1577	-17.8148
NA19751	EUR	EUR	0.9014148575004743	-42.2891	73.6583	-95.5558	-7.28653	23.0087	-33.2639	-42.3553	-17.7504
NA19752	AMR	AMR	0.7663797950816172	-79.6095	15.899	-164.138	0.4555	24.8403	-29.4432	-28.8567	-24.4821
NA19753	AMR	AMR	1.0	-79.3123	-4.73086	-178.347	4.89438	24.2294	-18.414	-20.8721	-37.7553
NA19755	AMR	AMR	1.0	-99.3934	-46.8387	-214.154	7.64379	19.5405	-14.8631	-14.1485	-31.6896
NA19756	Unknown	AMR	0.5766369588912712	-54.4445	8.61506	-154.214	5.41806	25.5293	-20.6629	-24.0623	-26.7998
NA19757	AMR	AMR	1.0	-74.6713	-27.8058	-189.2	12.8371	22.6586	-15.8565	-20.3201	-25.322
NA19758	AMR	AMR	1.0	-134.472	-63.6333	-242.519	10.9701	15.5335	-13.4833	-15.8617	-42.3601
NA19759	AMR	AMR	1.0	-125.23	-58.8315	-238.466	12.7403	13.6634	-9.9321	-11.6742	-41.3369
NA19760	AMR	AMR	1.0	-127.281	-61.4071	-240.797	7.95973	14.51	-10.5145	-13.7123	-42.8825
NA19761	AMR	AMR	1.0	-69.5807	-4.0775	-174.611	4.31726	19.7898	-20.9255	-17.4438	-34.9855
NA19762	AMR	AMR	1.0	-78.1907	-27.7609	-202.01	5.62537	23.0253	-17.1056	-19.063	-31.0448
NA19763	AMR	AMR	1.0	-79.8994	-15.5461	-188.499	4.58491	18.0827	-19.7897	-13.5324	-29.7466
NA19764	Unknown	EUR	0.6943835791679733	-40.9149	51.2696	-123.208	-6.80279	26.3422	-32.6272	-36.4739	-17.5233
NA19766	Unknown	SAS	0.6497490064423473	-49.8678	33.9935	-143.469	-0.0356884	24.0924	-28.1098	-31.0489	-17.4286
NA19770	Unknown	SAS	0.5850669779707631	-42.5801	44.2187	-133.644	-10.4844	23.7518	-30.1568	-26.6708	-21.868
NA19771	Unknown	AMR	0.6757612730653351	-64.3418	16.264	-161.598	1.46051	26.3213	-29.2051	-27.6501	-29.9186
NA19772	Unknown	SAS	0.6674963785771187	-48.4397	40.695	-136.66	-5.29514	26.9601	-30.8736	-27.3052	-23.3271
HG01952	AMR	AMR	1.0	-159.828	-112.887	-314.747	25.3146	11.9402	-5.44245	2.87124	-24.4064
HG01953	AMR	AMR	1.0	-158.4	-92.8627	-290.061	13.5266	11.2182	-9.66462	-1.19493	-32.3663
HG01954	AMR	AMR	1.0	-169.531	-100.204	-294.007	21.0478	11.952	-10.8077	-2.63411	-29.8488
HG01955	AMR	AMR	1.0	-165.075	-97.2038	-295.632	17.7096	10.5925	-10.3329	-4.44188	-30.2769
HG01956	AFR	AFR	1.0	450.85	-186.672	-16.1421	-16.0996	95.2064	81.9064	-42.0145	-0.20222
HG01958	AFR	AFR	1.0	412.322	-164.475	-16.8098	-11.7041	92.1061	81.3553	-41.4757	-6.91155
HG01959	AFR	AFR	1.0	410.565	-163.822	-16.0822	-12.7914	94.0855	76.496	-43.5731	-2.88713
HG01960	AFR	AFR	1.0	344.955	-96.5545	-15.838	-13.223	80.5712	58.5436	-53.2779	-5.84129
HG01967	AMR	AMR	1.0	-111.181	-15.0581	-211.276	12.5815	18.4464	-22.6589	-18.1308	-18.241
HG01968	AMR	AMR	1.0	-184.633	-117.326	-309.425	18.5946	12.5574	-9.59691	5.02036	-24.4087
HG01969	AMR	AMR	1.0	-145.03	-63.4255	-263.064	16.1684	14.4862	-17.8296	-1.14242	-25.32
HG01970	AMR	AMR	1.0	-117.643	-19.1292	-212.338	9.95697	17.1925	-20.2396	-15.7543	-28.6137
HG01971	AMR	AMR	1.0	-27.0587	-57.1168	-193.215	3.82688	32.0344	-7.49871	-21.4151	-11.9431
HG01972	AMR	AMR	1.0	-56.8146	-42.5752	-198.327	7.45212	23.5448	-14.6503	-20.7437	-22.4146
HG01973	AMR	AMR	1.0	-136.473	-81.2869	-272.949	12.0946	19.435	-12.933	-6.75403	-18.2584
HG01974	AMR	AMR	1.0	-176.955	-119.791	-317.829	20.0637	15.9722	-11.6135	-0.111991	-32.1229
HG01975	AMR	AMR	1.0	-153.288	-109.872	-302.227	14.7327	15.7532	-7.89695	-1.45824	-29.3587
HG01976	AMR	AMR	1.0	-117.339	-25.2994	-223.102	16.0236	20.4545	-22.0533	-16.8028	-17.516
HG01977	AMR	AMR	1.0	-145.512	-59.916	-272.909	15.5781	18.9335	-17.7905	-1.01497	-24.5809
HG01978	AMR	AMR	1.0	-137.995	-49.2071	-254.568	18.3925	18.663	-19.7243	-9.58477	-19.4626
HG01979	AMR	AMR	1.0	-123.366	-35.8328	-229.466	9.10945	16.3924	-13.1016	-13.4928	-32.1176
HG01980	AMR	AMR	1.0	-119.816	-52.0507	-244.072	18.669	15.8276	-17.0651	-8.12241	-21.1725
HG01981	AMR	AMR	1.0	-118.842	-41.4294	-235.441	14.7519	16.043	-16.1474	-8.63017	-33.023
HG01982	AMR	AMR	1.0	-143.671	-60.6981	-254.54	13.0558	11.6446	-15.9185	-9.36487	-23.0742
HG01983	AMR	AMR	1.0	-122.618	-28.6648	-230.327	16.4188	14.3659	-18.7183	-14.1401	-17.7641
HG01984	AMR	AMR	1.0	-135.357	-46.3319	-244.962	15.1779	12.25	-17.0243	-8.27242	-17.5674
HG01985	AFR	AFR	1.0	445.939	-188.326	-15.0525	-15.5838	101.053	88.2972	-32.8959	-4.60053
HG01986	AFR	AFR	1.0	424.429	-164.157	-16.0102	-15.9309	97.2566	78.8202	-41.6962	-3.04487
HG01987	AFR	AFR	1.0	439.755	-186.941	-11.1186	-19.3302	96.7697	88.8079	-41.2314	-5.05098
HG01988	Unknown	GME	0.3728900837535993	276.1	-35.4198	-17.8733	-10.7671	63.3617	35.5565	-69.424	-0.0683828
HG01989	AFR	AFR	1.0	409.812	-153.912	-17.4622	-19.6797	91.9159	77.1516	-39.3155	-2.69582
HG01990	AFR	AFR	1.0	446.638	-191.773	-10.8231	-19.5484	104.342	88.3248	-35.5668	-5.46468
HG01991	AMR	AMR	1.0	-128.158	-53.7196	-244.48	10.0572	18.3831	-18.4659	-11.2295	-18.9304
HG01992	AMR	AMR	1.0	-170.546	-99.6301	-305.118	19.4943	10.0407	-9.80518	-2.32229	-22.3431
HG01993	AMR	AMR	1.0	-153.201	-76.4881	-273.012	12.081	11.971	-13.5227	-5.66756	-21.9192
HG01997	AMR	AMR	1.0	-163.654	-92.2508	-292.892	20.0074	13.8645	-12.6563	-1.10862	-26.3228
HG01998	AMR	AMR	1.0	-158.141	-87.5106	-291.543	19.9132	16.6048	-13.4592	1.06961	-24.0866
HG02002	AMR	AMR	1.0	-141.144	-59.0243	-258.733	15.8569	14.0692	-19.0718	-9.6751	-21.0689
HG02003	AMR	AMR	1.0	-146.515	-71.7714	-270.426	10.9395	15.1705	-19.4475	-7.55469	-29.1276
HG02004	AMR	AMR	1.0	-153.877	-73.9293	-275.425	17.3048	13.3584	-20.2177	-3.58682	-26.3836
HG02008	AMR	AMR	1.0	-151.701	-80.2717	-281.842	16.1941	18.2362	-15.6425	-5.81189	-21.1359
HG02009	AFR	AFR	1.0	412.136	-156.372	-12.5877	-13.7801	100.132	80.3629	-47.6336	-6.8429
HG02010	AFR	AFR	1.0	406.848	-154.656	-14.3119	-12.7466	96.2794	76.9899	-47.9525	0.541956
HG02011	AFR	AFR	1.0	405.463	-152.403	-15.0875	-13.4943	100.269	78.7546	-50.512	-7.56887
HG02012	AFR	AFR	1.0	449.34	-191.271	-10.991	-15.3453	103.626	91.6704	-41.0151	-3.15063
HG02013	AFR	AFR	1.0	467.538	-210.074	-13.3861	-11.711	96.5044	96.5525	-38.4205	-3.35375
HG02014	AFR	AFR	1.0	425.031	-169.845	-11.634	-16.7608	94.8563	85.2834	-39.7318	0.0225317
HG02015	EAS	EAS	1.0	-178.504	-180.21	89.675	-36.2846	3.96487	-2.83838	20.5955	42.3818
HG02016	EAS	EAS	1.0	-172.336	-166.68	86.3306	-28.4034	-1.64763	5.05541	21.2257	39.1266
HG02017	EAS	EAS	1.0	-182.539	-182.825	92.155	-37.7328	5.24453	-5.9952	16.5079	35.9304
NA20803	EUR	EUR	1.0	19.2786	207.646	-3.85272	-16.9773	23.0799	-43.5654	-42.0676	8.02689
NA20804	EUR	EUR	1.0	19.6951	203.375	3.56397	-13.9286	26.6803	-45.3405	-38.5212	6.35004
NA20805	EUR	EUR	1.0	19.5848	208.935	3.75586	-17.6267	29.7745	-50.2675	-32.4626	10.3543
NA20806	EUR	EUR	1.0	17.8064	207.387	1.85233	-11.9148	29.3706	-45.2097	-37.1803	10.01
NA20807	EUR	EUR	1.0	16.8832	205.08	0.857869	-15.638	25.3462	-41.2172	-36.9954	8.38434
NA20808	EUR	EUR	1.0	17.898	202.125	5.34252	-11.1723	30.8366	-51.5295	-40.0216	-1.19863
NA20809	EUR	EUR	1.0	18.1143	203.27	6.31568	-13.5643	24.9567	-48.8592	-35.7256	12.987
NA20810	EUR	EUR	1.0	21.296	206.049	-2.03739	-12.4966	27.5359	-49.7598	-30.0828	11.0339
NA20811	EUR	EUR	1.0	21.6003	208.064	-5.54974	-10.5646	25.7517	-40.7299	-36.4552	5.89294
NA20812	EUR	EUR	1.0	13.1527	201.614	-2.51162	-18.0202	22.4515	-42.0818	-35.8147	8.55536
NA20813	EUR	EUR	1.0	19.2891	206.154	-2.67474	-12.3727	25.3758	-42.8545	-36.388	8.74174
NA20814	EUR	EUR	1.0	20.1263	202.546	3.65652	-19.1862	25.3693	-44.7964	-34.2217	11.2964
NA20815	EUR	EUR	1.0	20.9251	206.381	2.52738	-14.5659	28.8806	-53.8505	-34.9846	-1.13641
NA20816	EUR	EUR	1.0	15.8634	203.019	2.82734	-17.6648	27.8849	-46.6067	-42.9259	11.304
NA20818	EUR	EUR	1.0	12.879	201.812	1.73996	-12.0126	23.2034	-42.2315	-32.2318	1.04182
NA20819	EUR	EUR	1.0	11.6021	198.368	-0.597029	-18.175	26.2844	-41.7816	-37.2444	10.2994
NA20821	EUR	EUR	1.0	16.1298	199.791	-1.35865	-12.9652	25.4474	-45.637	-27.3468	2.06981
NA20822	EUR	EUR	1.0	19.5862	200.624	0.77848	-15.7603	32.0695	-46.7244	-34.7254	6.36774
NA20826	EUR	EUR	1.0	19.0708	206.4	1.84901	-15.6205	23.0422	-45.2228	-39.2862	14.6696
NA20827	EUR	EUR	1.0	18.8947	206.687	1.85143	-15.6724	29.6507	-43.1	-32.5088	6.37415
NA20828	EUR	EUR	1.0	20.2421	204.836	0.450714	-13.6275	25.4346	-43.0551	-32.2586	10.0224
NA20829	EUR	EUR	1.0	20.9882	207.772	2.24075	-12.5435	26.1359	-49.3044	-34.6516	2.18203
NA20831	EUR	EUR	1.0	17.1831	207.316	1.01567	-20.3728	28.2597	-45.7259	-32.4839	9.24374
NA20832	EUR	EUR	1.0	19.4388	205.779	3.13405	-14.3884	25.4822	-43.9464	-36.0224	9.87001
NA20845	SAS	SAS	1.0	-28.3867	73.8202	14.9408	35.3735	-83.852	87.225	-0.527944	6.094
NA20846	SAS	SAS	1.0	-29.338	81.7085	11.8261	21.9512	-78.0259	90.6281	0.710883	5.57819
NA20847	SAS	SAS	1.0	-34.139	64.928	17.5417	36.002	-92.976	103.078	9.52448	-0.549248
NA20849	SAS	SAS	1.0	-33.536	64.0439	14.6608	37.3587	-85.678	100.862	10.1412	4.3305
NA20850	SAS	SAS	1.0	-28.5299	93.1008	7.96543	26.46	-74.5376	75.8906	-10.1543	5.78069
NA20851	SAS	SAS	1.0	-32.4735	62.6596	19.9897	35.2375	-87.9827	103.953	7.84357	4.45966
NA20852	SAS	SAS	1.0	-31.4023	76.1327	14.5142	26.0046	-85.7613	92.2783	-3.95701	0.628802
NA20853	SAS	SAS	1.0	-37.4306	58.9801	13.577	36.7469	-88.7586	101.734	7.34496	1.3627
NA20854	SAS	SAS	1.0	-27.5615	82.8962	14.2734	27.6697	-81.8341	90.8674	-3.43791	3.12512
NA20856	SAS	SAS	1.0	-30.2402	71.4587	17.7381	34.4572	-91.7728	101.119	1.33874	6.71274
NA20858	SAS	SAS	1.0	-20.0119	106.279	3.51676	20.3519	-76.5616	81.4514	-11.5336	3.57981
NA20859	SAS	SAS	1.0	-35.0607	62.6794	21.929	28.818	-87.6087	97.6082	9.70827	2.80382
NA20861	SAS	SAS	1.0	-36.239	58.4359	13.1354	37.3917	-89.7885	100.459	4.42476	6.0229
NA20862	SAS	SAS	1.0	-27.4739	98.8417	2.6474	21.4541	-78.232	77.6812	-14.7071	2.39819
NA20863	SAS	SAS	1.0	-32.2402	60.3158	19.2628	37.8329	-85.7996	97.181	4.08426	1.15751
NA20864	SAS	SAS	1.0	-27.0473	88.2867	10.5575	30.711	-75.4763	81.7706	-7.17562	4.35751
NA20866	SAS	SAS	1.0	-27.8445	75.8645	13.355	30.0668	-82.2638	88.1425	-3.16613	-0.0330967
NA20867	SAS	SAS	1.0	-32.8157	65.9186	16.6491	35.5718	-90.4624	101.285	6.00558	7.00874
NA20868	SAS	SAS	1.0	-34.8162	58.3878	16.5823	40.2732	-90.7959	102.113	7.0227	2.88897
NA20869	SAS	SAS	1.0	-34.5999	62.966	15.0774	38.0502	-78.7518	95.985	7.52552	7.27108
NA20870	SAS	SAS	1.0	-18.7004	110.406	3.10284	14.4165	-79.2876	79.4489	-1.19136	0.574679
NA20871	SAS	SAS	1.0	-33.0665	54.6088	18.6789	37.6864	-94.0551	103.791	4.93346	3.83675
NA20872	SAS	SAS	1.0	-22.7307	100.811	6.65697	23.3712	-81.1703	85.1457	3.90938	4.13436
NA20873	SAS	SAS	1.0	-26.6029	81.4593	9.35645	27.6147	-77.6883	83.748	-8.2749	2.26199
NA20874	SAS	SAS	1.0	-28.8099	73.4573	14.6715	28.1688	-84.4816	94.7724	7.97914	9.23707
NA20875	SAS	SAS	1.0	-35.5678	66.4794	19.2229	37.2784	-91.0431	104.222	1.07227	2.11662
NA18968	EAS	EAS	1.0	-194.117	-197.84	77.4617	-44.8252	9.44463	-12.6489	2.69142	-4.15683
NA18969	EAS	EAS	1.0	-195.864	-194.699	80.3079	-50.8973	11.3062	-5.25919	6.0705	-6.60735
NA18970	EAS	EAS	1.0	-195.928	-198.043	78.6962	-48.8562	9.94486	-10.2362	3.13815	-3.01822
NA18971	EAS	EAS	1.0	-195.621	-198.011	79.6691	-47.2778	10.191	-12.096	3.18631	2.42505
NA18972	EAS	EAS	1.0	-193.921	-194.331	73.2514	-49.1517	11.6924	-10.7053	1.52946	-0.339211
NA18973	EAS	EAS	1.0	-196.983	-191.8	76.8914	-50.2573	10.4232	-9.92236	1.25759	-1.1379
NA18974	EAS	EAS	1.0	-197.075	-196.482	83.442	-50.6665	6.72368	-8.79225	0.919005	-2.97804
NA18975	EAS	EAS	1.0	-196.669	-194.108	84.2065	-49.4847	9.33616	-12.383	-4.00497	-5.07415
NA18976	EAS	EAS	1.0	-199.738	-200.772	83.1202	-54.8892	6.6125	-12.0967	2.89937	1.41103
NA18977	EAS	EAS	1.0	-193.799	-195.766	78.588	-50.1207	10.2498	-11.4858	3.67149	-2.42194
NA18978	EAS	EAS	1.0	-193.229	-194.327	82.243	-47.1686	6.15019	-10.4072	1.73184	-8.57957
NA18979	EAS	EAS	1.0	-193.836	-194.104	83.6999	-45.9974	11.3762	-10.4641	3.08143	-3.36284
NA18980	EAS	EAS	1.0	-196.987	-192.257	78.6916	-50.5918	8.82003	-10.8219	4.39428	-3.6522
NA18981	EAS	EAS	1.0	-195.908	-190.916	78.7515	-44.5417	8.28991	-6.91271	3.74347	-0.294919
NA18982	EAS	EAS	1.0	-191.633	-192.604	78.3212	-51.5998	12.3597	-11.7138	2.43615	-3.12811
NA18983	EAS	EAS	1.0	-195.086	-195.168	74.3087	-49.1798	11.499	-8.69439	1.41478	-3.88487
NA18984	EAS	EAS	1.0	-191.928	-192.987	78.858	-49.6581	9.75736	-11.2217	4.70801	-2.06774
NA18985	EAS	EAS	1.0	-195.703	-193.134	78.8536	-46.1045	12.7338	-10.3239	4.73071	-1.5614
NA18986	EAS	EAS	1.0	-191.193	-195.633	82.3954	-50.2127	12.6501	-10.6403	4.4128	-4.99419
NA18987	EAS	EAS	1.0	-195.928	-191.897	79.472	-43.7092	14.1718	-14.7882	7.26153	1.5318
NA18988	EAS	EAS	1.0	-193.205	-197.4	78.2629	-49.5458	8.59529	-6.65342	6.63071	-8.59414
NA18989	EAS	EAS	1.0	-195.309	-196.503	74.0298	-48.6234	8.65639	-6.66695	6.55333	-2.41423
NA18990	EAS	EAS	1.0	-194.619	-200.091	84.6709	-49.6487	8.95217	-8.09901	8.43018	2.07018
NA18991	EAS	EAS	1.0	-194.561	-197.372	83.5012	-47.4785	12.9923	-14.8613	4.85369	-2.40729
NA18992	EAS	EAS	1.0	-196.9	-193.249	79.1132	-49.7639	12.8419	-9.26706	5.75767	-1.15156
NA18993	EAS	EAS	1.0	-195.647	-195.828	79.6345	-46.8944	11.1578	-11.7489	6.19682	-0.615034
NA18994	EAS	EAS	1.0	-195.813	-198.485	84.1685	-46.4111	12.4381	-10.6087	4.1704	-4.23179
NA18995	EAS	EAS	1.0	-197.596	-191.87	79.9889	-51.3934	11.8626	-11.3528	4.62311	-4.26767
NA18997	EAS	EAS	1.0	-196.666	-196.051	82.0676	-50.1719	10.2085	-7.75806	4.24976	3.53304
NA18998	EAS	EAS	1.0	-190.604	-196.099	79.3554	-47.4172	6.79642	-11.3811	4.3539	-6.79414
NA18999	EAS	EAS	1.0	-192.537	-192.089	79.8074	-50.5061	8.90705	-6.09671	4.91737	-0.828228
NA19000	EAS	EAS	1.0	-195.683	-197.849	75.8113	-50.6026	10.4759	-11.286	3.29125	-1.34322
NA19001	EAS	EAS	1.0	-194.583	-196.012	78.9174	-49.1333	10.7765	-12.7818	0.392902	0.0894367
NA19002	EAS	EAS	1.0	-194.628	-190.885	82.2243	-46.8006	7.30419	-7.65955	4.79846	-5.41075
NA19003	EAS	EAS	1.0	-196.626	-195.622	76.6155	-48.6272	13.7879	-12.079	7.5725	-1.87614
NA19004	EAS	EAS	1.0	-198.321	-196.571	74.7639	-51.9172	7.33062	-7.74131	10.4019	-2.02189
NA19005	EAS	EAS	1.0	-191.496	-197.018	80.5977	-45.6879	14.1891	-8.03801	4.48857	-3.96687
NA19006	EAS	EAS	1.0	-197.678	-195.344	76.3851	-44.5026	11.0153	-12.796	0.921737	-4.82855
NA19007	EAS	EAS	1.0	-194.794	-190.517	83.6145	-45.0235	10.5219	-10.9482	2.3333	1.68701
NA19009	EAS	EAS	1.0	-196.959	-196.329	79.8902	-49.352	10.507	-9.34074	4.96092	2.79485
NA19010	EAS	EAS	1.0	-196.553	-196.313	78.6341	-49.5195	10.5042	-11.1326	-2.71067	-0.492584
NA19011	EAS	EAS	1.0	-191.13	-194.577	80.7742	-46.7746	9.02976	-9.79801	3.07692	1.14903
NA19012	EAS	EAS	1.0	-193.381	-193.965	74.464	-48.8029	9.81373	-11.3649	5.46209	-6.24061
NA19017	AFR	AFR	1.0	458.303	-206.181	-10.5113	-13.6964	70.7332	68.8148	-11.9104	-11.5316
NA19019	AFR	AFR	1.0	457.088	-203.828	-10.7295	-8.49971	71.4008	66.3831	-7.88098	-14.0988
NA19020	AFR	AFR	1.0	453.67	-199.659	-9.66615	-11.2017	69.4426	66.3954	-16.2636	-12.2866
NA19023	AFR	AFR	1.0	463.882	-210.199	-11.945	-15.6358	70.1496	68.2773	-16.7723	-7.78486
NA19024	AFR	AFR	1.0	457.539	-203.444	-11.5492	-11.9725	64.756	61.6625	-15.1542	-5.96729
NA19025	AFR	AFR	1.0	458.833	-207.839	-9.34921	-12.5051	66.8738	63.9764	-14.5582	-8.76865
NA19026	AFR	AFR	1.0	455.076	-200.069	-10.4044	-13.8256	74.1866	69.1459	-11.2602	-9.51965
HG01136	EUR	EUR	1.0	4.55173	75.3028	-95.565	-1.84138	34.5589	-33.9848	-35.0174	1.89558
HG01137	EUR	EUR	1.0	-41.0498	80.0505	-115.199	-1.4099	27.2433	-36.5746	-29.3883	-3.57479
HG01138	EUR	EUR	1.0	-17.2354	82.5134	-103.363	-3.37821	30.9073	-36.2982	-33.7475	-3.25369
HG01139	Unknown	EUR	0.6957001624470421	36.7764	33.0451	-103.315	-6.15583	37.0408	-18.2723	-42.2602	-8.76246
HG01140	EUR	EUR	1.0	-18.2999	97.2788	-91.3245	0.183243	29.99	-29.6918	-41.5886	-1.70384
HG01141	EUR	EUR	1.0	14.1725	68.3498	-90.4258	-4.92284	34.7154	-24.3498	-44.411	-6.30717
HG01148	EUR	EUR	1.0	-8.15475	98.2298	-93.8731	-4.93239	29.6311	-38.0202	-45.724	-8.50532
HG01149	Unknown	SAS	0.635620711065697	-25.1951	8.9948	-150.531	5.02792	32.1908	-16.5485	-24.8191	-0.113172
HG01150	EUR	EUR	0.9001445330739193	-13.0957	58.0962	-122.017	0.425399	30.5833	-26.9956	-36.1187	0.0318547
HG01167	GME	GME	1.0	92.2102	60.353	-53.5291	-8.70948	46.6271	-14.726	-40.0763	4.01993
HG01168	EUR	EUR	1.0	18.1728	173.941	-21.8888	-12.1156	26.4274	-37.7729	-22.4197	5.48315
HG01169	EUR	EUR	1.0	49.3122	128.579	-32.7404	-10.3355	34.0961	-29.3113	-35.1891	9.11612
HG01170	EUR	EUR	1.0	35.5564	100.472	-56.9812	-14.0581	35.5049	-26.9706	-31.9602	1.29253
HG01171	GME	GME	1.0	69.365	78.6072	-52.5995	-5.32802	41.9398	-22.0988	-38.1929	5.30754
HG01172	Unknown	GME	0.5026281671607219	54.0531	88.8597	-58.1949	-8.07765	38.1463	-20.4394	-37.3129	0.788701
HG01173	EUR	EUR	1.0	35.0087	155.768	-18.4613	-12.7192	48.198	-48.6149	-42.273	5.16164
HG01174	EUR	EUR	1.0	16.6226	139.201	-40.575	-5.34545	33.3687	-38.7958	-45.9063	4.32424
HG01175	EUR	EUR	1.0	27.3204	146.74	-30.1778	-11.3647	39.6026	-43.0575	-46.7111	2.76142
HG01176	EUR	EUR	1.0	21.2623	111.203	-56.507	-5.23344	37.1292	-37.2556	-40.1777	5.67788
HG01177	EUR	EUR	1.0	6.59016	106.311	-66.2628	-9.75378	33.4174	-37.3192	-42.3681	3.79702
HG01178	EUR	EUR	1.0	25.0497	121.136	-38.9593	-10.9965	39.7902	-41.6691	-46.7648	11.162
HG01181	EUR	EUR	1.0	48.1467	106.654	-51.2867	-7.38863	35.7213	-34.8141	-44.1715	6.01761
HG01182	EUR	EUR	0.8995491461410559	45.3771	94.1085	-56.1496	-9.21443	40.5797	-24.8697	-44.6701	6.69384
HG01183	EUR	EUR	1.0	39.5109	94.3239	-58.9827	-14.6671	40.0874	-35.8729	-50.0156	2.32185
HG01184	EUR	EUR	0.899785364474726	44.9052	91.8737	-57.3821	-14.6846	40.1827	-31.4486	-47.0792	4.94602
HG01187	Unknown	EUR	0.49395431538903406	43.9849	40.4541	-89.0455	-7.01142	47.8583	-23.9927	-40.9652	1.14217
HG01188	GME	GME	0.7995359933345094	71.3745	36.019	-75.3305	-9.99784	40.9415	-14.4933	-26.4559	-0.943352
HG01189	GME	GME	0.7989407065238471	56.1572	29.9839	-79.5462	-8.22439	45.1687	-19.0881	-36.8069	1.978
HG01190	Unknown	EUR	0.5002241473056386	42.536	60.2088	-78.3007	0.898407	38.9718	-23.7526	-34.0039	2.64819
HG01191	EUR	EUR	1.0	19.4593	97.4162	-71.3099	-3.81493	35.5286	-32.4358	-40.688	-1.59762
HG01192	EUR	EUR	1.0	24.2088	81.8374	-78.5927	-0.710101	37.74	-25.832	-38.6084	-6.5164
HG01197	EUR	EUR	1.0	14.4701	131.121	-54.2217	-10.3274	36.316	-40.6623	-43.7329	5.97514
HG01198	GME	GME	1.0	73.8397	77.6386	-57.1911	-9.9915	44.6046	-29.32	-39.3825	1.10425
HG01199	EUR	EUR	1.0	43.5953	109.687	-47.6917	-10.2526	38.2364	-38.0672	-41.5514	5.14992
HG01204	EUR	EUR	1.0	33.869	114.862	-39.9522	-9.02651	40.2476	-31.1751	-35.3261	10.1228
HG01205	EUR	EUR	1.0	44.7543	115.354	-45.1935	-9.16515	36.3108	-34.8285	-44.1298	6.06773
HG01206	EUR	EUR	1.0	42.7516	113.505	-38.3685	-7.76444	36.9628	-29.1293	-38.0526	7.27035
HG01241	AFR	AFR	1.0	319.729	-112.706	-39.0937	-13.0315	67.9399	41.615	-37.8481	-4.53606
HG01242	Unknown	GME	0.5466511131567596	237.955	-29.8459	-29.6792	-11.7168	56.4878	24.3695	-42.4356	1.26521
HG01243	Unknown	AFR	0.6651796340374955	288.568	-79.5268	-32.5288	-12.2937	65.915	35.3096	-41.9772	-2.59868
HG01247	GME	GME	0.9047578831776204	71.2449	60.7076	-62.2355	-11.5866	45.8087	-16.9997	-43.1455	-4.01059
HG01248	EUR	EUR	1.0	43.5213	116.683	-39.2652	-1.8537	33.573	-34.2265	-38.4565	5.58141
HG01249	EUR	EUR	1.0	33.7945	95.9254	-55.9285	-10.9749	39.7624	-33.0248	-40.4476	-5.14028
HG01250	EUR	EUR	0.8985038366671398	-13.4957	63.3601	-105.182	-0.151119	30.2249	-28.771	-31.4918	-11.7903
HG01251	EUR	EUR	1.0	-28.7259	107.202	-89.7034	-5.94423	29.018	-43.1032	-47.8959	-1.38927
HG01252	EUR	EUR	1.0	-9.44105	77.5289	-99.1581	-4.03887	30.8274	-33.299	-38.2323	-10.9134
HG01253	EUR	EUR	1.0	-12.1109	107.541	-74.8636	-4.74061	30.3209	-38.0426	-40.179	-8.78832
HG01254	Unknown	GME	0.3987409626047584	35.5991	33.3235	-98.1151	-3.66357	39.9629	-23.2728	-31.5542	-2.79788
HG01255	EUR	EUR	1.0	3.85024	69.1728	-91.9959	-5.18578	34.2589	-32.1067	-38.0739	-2.95345
HG01256	EUR	EUR	1.0	-13.244	142.964	-57.8607	-8.39997	30.07	-48.7154	-43.5114	5.69175
HG00700	EAS	EAS	1.0	-195.536	-202.781	94.313	-48.6882	14.1069	-14.4611	16.5277	34.5866
HG00701	EAS	EAS	1.0	-196.608	-200.328	88.7724	-49.3691	12.1305	-12.5387	12.0936	29.7966
HG00702	EAS	EAS	1.0	-196.057	-199.92	92.6924	-48.2952	13.1759	-10.8818	17.3046	27.1146
HG00703	EAS	EAS	1.0	-194.602	-198.475	94.1503	-48.732	11.5008	-8.91591	15.4759	27.0022
HG00704	EAS	EAS	1.0	-197.467	-196.776	91.2301	-47.9342	10.4211	-8.80557	7.91762	31.5322
HG00705	EAS	EAS	1.0	-194.969	-199.221	99.3174	-47.9833	13.7156	-13.2653	14.9343	30.7516
HG00706	EAS	EAS	1.0	-195.638	-198.237	96.0404	-48.5475	11.215	-12.7569	9.77968	31.5291
HG00707	EAS	EAS	1.0	-195.775	-192.926	89.6531	-48.4891	12.4489	-13.39	18.6689	28.2405
HG00708	EAS	EAS	1.0	-196.228	-196.258	95.5057	-56.3033	9.82071	-9.60665	12.7729	28.8988
HG00709	EAS	EAS	1.0	-195.293	-196.711	93.9135	-52.4605	8.20737	-10.4967	15.3175	33.7362
HG00716	EAS	EAS	1.0	-194.241	-196.947	93.6	-50.3633	12.4905	-14.6624	13.6635	37.2444
HG00717	EAS	EAS	1.0	-194.663	-204.393	92.4436	-50.5813	9.70931	-7.59417	15.4924	35.9871
HG00718	EAS	EAS	1.0	-194.907	-202.163	93.6742	-54.8221	13.7944	-14.1113	17.5074	43.4432
HG00731	EUR	EUR	1.0	8.78269	164.847	-26.6671	-17.1477	35.5902	-47.1183	-46.123	6.00763
HG00732	EUR	EUR	1.0	9.87368	135.305	-37.6327	-7.22807	34.531	-39.7623	-40.3251	12.2628
HG00733	EUR	EUR	1.0	6.68904	144.265	-37.0073	-13.9691	35.6792	-43.5108	-42.9987	7.57176
HG00734	EUR	EUR	1.0	25.8648	91.4894	-75.1046	-9.49478	37.689	-38.7234	-39.393	-1.20805
HG00735	EUR	EUR	1.0	29.1712	112.455	-54.076	-14.308	38.1142	-39.067	-45.6405	3.92588
HG00736	EUR	EUR	1.0	19.3393	142.373	-38.8489	-6.38208	36.3725	-43.0192	-54.4181	10.6444
HG00737	EUR	EUR	1.0	32.1691	137.494	-41.0364	-10.3287	35.0338	-45.732	-52.3843	7.09031
HG00738	EUR	EUR	1.0	26.7212	140.097	-39.3539	-5.94978	36.0193	-45.2484	-52.9662	7.9971
HG00739	EUR	EUR	1.0	23.5311	160.307	-28.774	-6.22939	24.5431	-43.0273	-76.459	5.97731
HG00740	EUR	EUR	1.0	40.027	101.082	-51.8994	-11.5497	39.9888	-33.958	-42.8747	-1.0402
HG00741	EUR	EUR	1.0	35.8373	123.133	-44.1797	-7.14229	35.8776	-40.0303	-57.2134	0.685779
HG00759	EAS	EAS	1.0	-190.916	-191.152	98.9418	-40.8834	5.12128	-6.35816	20.0096	39.8146
HG00766	EAS	EAS	1.0	-188.094	-189.832	94.9302	-42.7606	12.2857	-9.12099	19.3245	47.8975
HG00844	EAS	EAS	1.0	-186.114	-187.687	97.4781	-44.2752	13.235	-5.84467	21.2976	46.1101
HG00851	EAS	EAS	1.0	-190.032	-192.873	95.8639	-39.6785	10.1441	-7.44385	20.5354	46.4292
HG00864	EAS	EAS	1.0	-185.727	-189.934	100.682	-38.0841	9.02178	-6.29127	19.5889	49.3754
HG00866	EAS	EAS	1.0	-189.747	-192.745	95.4951	-37.5946	11.1152	-9.31189	18.4477	44.1873
HG00867	EAS	EAS	1.0	-188.923	-195.521	94.2114	-39.3363	11.6659	-10.1639	18.0497	44.4441
HG00879	EAS	EAS	1.0	-185.056	-194.474	97.0825	-37.798	7.51047	-4.30869	24.1013	43.9654
HG00881	EAS	EAS	1.0	-188.868	-193.435	99.5777	-42.0915	8.3767	-7.19625	18.8623	41.557
HG00956	EAS	EAS	1.0	-186.207	-189.671	90.9128	-38.5263	7.46343	-4.33307	21.2523	37.7061
HG00978	EAS	EAS	1.0	-190.827	-191.786	97.6105	-41.7469	9.54837	-8.19176	21.7119	42.649
HG00982	EAS	EAS	1.0	-187.034	-197.862	97.5022	-40.7539	8.08593	-8.55865	25.3692	42.9364
HG00983	EAS	EAS	1.0	-187.195	-189.537	93.269	-40.3966	6.97454	-5.17747	21.4452	39.021
HG01028	EAS	EAS	1.0	-187.99	-193.072	96.0077	-39.5724	5.46588	-7.0228	21.9464	45.9626
HG01029	EAS	EAS	1.0	-188.21	-190.002	101.219	-43.094	11.1794	-11.4275	23.0103	46.2672
HG01031	EAS	EAS	1.0	-187.787	-193.669	92.8808	-39.99	8.61914	-7.74604	17.6408	39.3707
HG01046	EAS	EAS	1.0	-190.419	-193.609	94.2371	-37.4845	10.0591	-10.7693	23.1416	47.8076
HG01047	EUR	EUR	1.0	31.7733	136.058	-37.9388	-14.4976	34.785	-37.7097	-53.8001	8.387
HG01048	EUR	EUR	1.0	40.002	114.197	-48.8365	-6.78104	37.4564	-33.7756	-44.6629	5.81935
HG01049	GME	GME	1.0	93.6449	62.5154	-55.23	-12.958	49.6909	-19.9726	-42.7467	7.6396
HG01050	GME	GME	0.9034180770206811	62.4549	80.7776	-62.4027	-10.6762	39.9908	-24.258	-37.2126	5.77737
HG01051	GME	GME	0.8040080442309177	77.4281	51.2349	-71.8346	-5.1271	39.3695	-16.7632	-40.5587	-2.93951
HG01052	GME	GME	0.8057952780212059	77.6743	50.4882	-71.0742	-12.835	41.5791	-14.3078	-35.4669	1.76585
HG01053	GME	GME	0.801159488379986	64.1658	62.1463	-67.9123	-4.85408	35.9907	-12.9654	-39.3402	-6.27043
HG01054	EUR	EUR	1.0	12.417	121.363	-56.4401	-13.0906	36.625	-43.1582	-44.5747	-2.54072
HG01055	EUR	EUR	1.0	51.7345	113.065	-40.7538	-11.1639	36.5711	-27.1338	-46.6584	3.40569
HG01612	EUR	EUR	1.0	28.1951	198.167	0.460485	-18.6888	35.076	-54.0505	-62.2084	8.74821
HG01613	EUR	EUR	1.0	17.7328	202.249	-1.64285	-19.0205	26.7859	-50.2403	-66.176	10.1479
HG01614	EUR	EUR	1.0	18.8828	201.826	1.214	-19.4953	29.9032	-51.0797	-63.9602	10.3832
HG01615	EUR	EUR	1.0	18.6962	201.466	-0.863667	-14.0112	29.5542	-56.3316	-67.2196	13.9308
HG01616	EUR	EUR	1.0	16.0256	193.404	-0.470491	-17.8304	36.759	-55.8303	-59.5218	10.283
HG01617	EUR	EUR	1.0	16.9837	194.296	3.07035	-17.5202	33.0695	-53.0098	-59.2258	16.4656
HG01618	EUR	EUR	1.0	19.1226	193.294	-5.91558	-17.1177	37.2181	-57.1394	-61.8602	10.2832
HG01619	EUR	EUR	1.0	22.2232	202.122	-0.893955	-11.5025	31.5013	-51.4798	-61.6896	15.8328
HG01620	EUR	EUR	1.0	22.8028	198.978	0.579083	-17.1599	34.0505	-57.2318	-63.2808	13.5144
HG01621	EUR	EUR	1.0	24.6945	201.921	3.44396	-14.8717	29.6645	-50.7513	-54.8701	15.9939
HG01622	EUR	EUR	1.0	22.1302	195.927	-4.32091	-18.7244	37.5893	-64.515	-62.7493	8.93032
HG01623	EUR	EUR	1.0	26.7817	197.825	-2.62731	-14.927	37.4942	-60.868	-64.1242	7.41029
HG01624	EUR	EUR	1.0	19.4126	196.398	0.694841	-18.808	40.2185	-60.2236	-59.2564	5.71004
HG01625	EUR	EUR	1.0	17.6091	200.583	-3.1291	-14.412	33.5496	-56.932	-60.8011	6.57864
HG01626	EUR	EUR	1.0	22.9863	195.491	2.6329	-19.4021	32.3304	-52.5235	-38.8944	13.8774
HG01627	EUR	EUR	1.0	20.2496	200.791	2.16716	-18.8422	34.512	-53.2012	-46.5161	11.6954
HG01628	EUR	EUR	1.0	49.6331	189.219	-3.73626	-15.4784	45.0144	-54.1795	-35.6709	9.4879
HG01629	EUR	EUR	1.0	37.1948	188.634	3.56091	-12.8936	45.8839	-55.227	-37.2263	7.83747
HG01630	EUR	EUR	1.0	35.9237	187.8	3.16458	-13.12	47.2818	-54.5751	-41.1772	10.1426
HG01631	EUR	EUR	1.0	19.2459	206.502	-2.50157	-15.3104	30.101	-58.9366	-61.9558	11.1728
HG01632	EUR	EUR	1.0	22.8684	204.223	2.25168	-21.9167	35.567	-57.8902	-57.6217	13.3489
HG01633	EUR	EUR	1.0	19.1414	203.944	-0.932317	-18.6821	29.9802	-59.537	-58.5762	12.7085
HG01667	EUR	EUR	1.0	26.4953	190.699	-2.74364	-15.2335	33.2904	-50.9452	-71.7425	9.57108
HG01668	EUR	EUR	1.0	24.9176	190.358	-1.51081	-12.4423	32.2612	-50.2185	-65.573	11.6255
HG01669	EUR	EUR	1.0	34.3028	185.973	1.10011	-10.9941	33.7218	-54.018	-62.2753	10.465
HG01670	EUR	EUR	1.0	21.1458	200.947	4.0372	-16.6769	34.6397	-53.4098	-63.6773	14.5454
HG01671	EUR	EUR	1.0	18.088	201.421	3.92575	-13.2649	32.4011	-53.4552	-63.9649	16.2671
HG01672	EUR	EUR	1.0	20.2207	199.409	-4.55575	-13.5962	32.93	-56.4443	-71.1312	13.0844
HG01673	EUR	EUR	1.0	16.2835	203.486	-0.885135	-15.4756	31.0818	-56.4337	-71.8069	11.0777
HG01674	EUR	EUR	1.0	13.9374	200.286	-1.64338	-17.4344	31.3068	-58.4091	-73.6874	11.0162
HG01675	EUR	EUR	1.0	15.7943	203.247	-0.0249924	-17.5325	32.5049	-56.445	-71.6555	9.1424
HG01676	EUR	EUR	1.0	16.505	205.994	-3.73535	-18.8084	39.9309	-69.7381	-75.4138	11.7553
HG01677	EUR	EUR	1.0	15.3706	205.625	-0.83225	-14.2634	38.5813	-66.9834	-74.2186	16.0299
HG01678	EUR	EUR	1.0	16.7572	200.954	2.92225	-14.2497	37.8114	-59.8225	-72.1928	14.4892
HG01679	EUR	EUR	1.0	19.9249	203.304	-0.51612	-15.4383	34.7014	-60.8028	-69.9924	8.15337
HG01680	EUR	EUR	1.0	21.4415	201.801	-5.83291	-22.0709	37.0356	-59.1066	-75.0195	14.1259
HG01681	EUR	EUR	1.0	22.3449	203.108	-1.02208	-13.9369	36.4418	-59.0541	-75.9695	11.5351
HG01682	EUR	EUR	1.0	16.9507	203.055	-1.49949	-17.8397	32.1204	-60.8534	-69.0778	10.1596
HG01683	EUR	EUR	1.0	19.4584	206.247	-1.95663	-17.885	35.9059	-64.7367	-68.7382	9.76335
HG01684	EUR	EUR	1.0	14.4417	206.377	-1.02609	-15.7985	35.0527	-61.1039	-69.708	12.1671
HG01685	EUR	EUR	1.0	26.2725	194.191	-2.60695	-17.3896	32.9854	-53.5027	-53.8298	11.3351
HG01686	EUR	EUR	1.0	20.4782	198.774	-5.25797	-15.2921	32.4372	-52.6319	-69.0033	19.1695
HG01687	EUR	EUR	1.0	25.1492	194.278	-2.90673	-16.6758	31.3751	-53.2908	-54.2796	13.3056
HG01694	EUR	EUR	1.0	41.3703	187.564	-0.333088	-17.2548	41.4749	-51.5895	-46.2413	9.18388
HG01695	EUR	EUR	1.0	36.218	184.574	3.07148	-16.4428	43.7057	-58.5867	-47.6214	6.21894
HG01696	EUR	EUR	1.0	33.7711	186.273	2.81021	-16.5887	40.245	-51.8059	-48.3126	10.4547
HG01697	EUR	EUR	1.0	22.4319	192.034	-5.90907	-11.0582	35.3195	-49.9896	-61.1548	13.9176
HG01698	EUR	EUR	1.0	21.0821	197.342	-4.33015	-12.0016	35.844	-56.1434	-64.4848	15.4099
HG01699	EUR	EUR	1.0	23.7841	200.121	2.13635	-18.4737	34.9072	-56.3979	-57.9438	13.1971
HG01700	EUR	EUR	1.0	10.0203	206.241	-7.62293	-12.5347	35.5197	-65.2845	-92.6359	14.8141
NA19471	AFR	AFR	1.0	446.468	-197.344	-9.0186	-14.9477	64.4944	67.0227	-6.29826	-8.30873
NA19472	AFR	AFR	1.0	446.792	-198.17	-12.9979	-9.7652	64.2037	59.7235	-6.32678	-5.32305
NA19473	AFR	AFR	1.0	450.007	-200.395	-10.8132	-12.4015	65.5844	60.1645	-3.00811	-12.5636
NA19474	AFR	AFR	1.0	450.192	-196.325	-8.35773	-14.7152	65.17	62.1183	1.95827	-8.47842
NA19475	AFR	AFR	1.0	447.484	-196.648	-7.6971	-12.1957	63.4576	64.2539	-11.9435	-6.01865
NA19625	AFR	AFR	0.8032110997858513	270.595	-153.34	-74.4509	-3.47103	70.0208	57.9146	-30.0687	-17.9143
NA19648	EUR	EUR	1.0	12.3577	181.37	-28.4046	-10.8131	31.9455	-51.95	-55.6064	8.30372
NA19649	EUR	EUR	1.0	-13.3906	110.415	-71.5859	-8.04062	28.2552	-42.4273	-46.5725	-9.52435
NA19650	EUR	EUR	1.0	5.00017	150.33	-41.8769	-9.1443	33.8999	-50.4971	-51.6241	1.71842
NA19651	EUR	EUR	1.0	-11.8525	95.3944	-86.4179	-2.47772	26.0898	-29.0738	-36.2462	-7.64855
NA19652	EUR	EUR	1.0	-21.4406	98.6182	-88.6696	-9.02225	27.515	-33.1011	-41.3661	-8.64893
NA19653	EUR	EUR	1.0	-27.9705	95.5405	-93.6574	-3.05671	24.5498	-32.987	-39.469	-12.3969
NA19654	AMR	AMR	1.0	-67.7038	-3.6147	-182.893	8.48251	27.5524	-20.3593	-20.2051	-23.7438
NA19655	EUR	EUR	0.9011729532418371	-24.7418	80.4429	-105.671	-1.30508	29.0806	-29.1979	-25.215	-11.6281
NA19656	Unknown	SAS	0.6285425105134883	-49.8905	30.3161	-150.904	5.22148	27.5421	-23.1672	-24.5318	-18.7643
NA19657	AMR	AMR	1.0	-80.9514	-14.1077	-186.484	5.92188	28.1138	-22.8441	-25.5158	-29.0568
NA19658	EUR	EUR	1.0	-43.8064	82.0498	-114.813	-1.11772	25.7175	-32.7735	-38.8352	-14.7572
NA19659	Unknown	AMR	0.5647484688055887	-63.7627	28.8108	-156.038	3.27875	26.7761	-27.716	-29.0916	-15.1122
NA19660	Unknown	SAS	0.613375141626367	-66.8719	29.1131	-151.739	2.64023	22.2068	-28.166	-26.0877	-26.7481
NA19661	Unknown	SAS	0.5214802130842119	-63.2078	16.559	-150.928	3.34262	20.8284	-25.2548	-30.3792	-23.0491
NA19662	Unknown	SAS	0.6378004409721576	-63.8072	30.6564	-143.911	2.224	19.8304	-24.7321	-30.0368	-23.4941
NA19663	AMR	AMR	1.0	-72.9807	-25.3058	-189.559	7.148	25.8628	-17.3646	-21.7753	-37.526
NA19664	AMR	AMR	0.7689273877755791	-68.4309	1.07978	-160.811	7.09558	27.2357	-24.0184	-24.5376	-31.737
NA19665	AMR	AMR	1.0	-75.1481	-29.1583	-180.637	8.94196	27.6506	-16.5794	-21.2619	-33.4448
NA19669	EUR	EUR	0.8993301498258872	-46.5241	75.7105	-99.6829	-4.04572	25.2373	-36.6188	-34.2569	-22.6883
NA19670	Unknown	AMR	0.5757009775390743	-61.9011	27.1953	-158.968	4.8424	28.0541	-28.7335	-23.0478	-23.9192
NA19671	Unknown	SAS	0.6578986315931521	-58.3753	40.6938	-137.382	4.78344	28.0514	-29.6695	-26.1729	-28.4204
NA19672	Unknown	SAS	0.6114106129431021	-62.534	22.9055	-150.773	3.89568	23.9103	-29.0322	-26.26	-26.9904
NA19674	Unknown	EUR	0.6947746450665083	-39.0671	53.3237	-121.803	-0.010935	28.4556	-34.5255	-32.2804	-22.8412
NA19675	EUR	EUR	1.0	10.0329	142.218	-43.9394	-7.39794	32.2335	-40.6143	-54.6034	-0.165996
NA19676	EUR	EUR	1.0	-28.173	91.1985	-98.8117	-6.94083	32.9912	-34.996	-29.3793	-12.8612
NA19677	EUR	EUR	1.0	-10.9181	118.012	-71.7714	-6.42217	36.0618	-42.7134	-41.77	-7.49551
NA19678	EUR	EUR	1.0	6.45976	101.181	-72.9757	-6.90301	32.7653	-34.8081	-46.4467	-0.460919
NA19679	EUR	EUR	1.0	19.5387	179.873	-13.049	-8.07805	34.9654	-51.274	-52.8829	3.75636
NA19680	EUR	EUR	1.0	11.1285	139.253	-45.8276	-4.18693	34.9318	-43.8922	-47.7062	2.61332
NA19681	AMR	AMR	1.0	-81.7842	-12.3236	-189.452	4.57288	19.7418	-19.5599	-21.0394	-27.6707
NA19682	Unknown	SAS	0.5236014796781465	-72.7427	31.1031	-152.235	6.69192	21.8217	-26.9012	-23.0823	-25.4911
NA19683	AMR	AMR	0.7656177925023756	-72.427	11.9485	-163.02	6.47387	25.0226	-24.756	-21.5231	-23.7581
NA19684	EUR	EUR	1.0	-45.7155	94.3305	-96.2869	-0.804826	13.9135	-29.1244	-63.1291	-10.8605
NA19685	Unknown	SAS	0.656052405018116	-56.2706	31.4637	-138.663	-0.23163	17.817	-25.7474	-26.2458	-19.6812
NA19686	EUR	EUR	0.8973460012255665	-53.1484	58.3191	-119.51	2.28823	17.5294	-25.6381	-46.8021	-17.8673
NA19700	AFR	AFR	1.0	394.76	-146.077	-14.0857	-18.9582	78.9785	67.3882	-45.4104	-5.05041
NA19701	AFR	AFR	1.0	397.507	-158.331	-20.8517	-12.8028	88.9152	82.1859	-41.7862	-10.9492
NA19702	AFR	AFR	1.0	396.286	-155.247	-17.6708	-16.1631	83.6505	78.1469	-46.6559	-7.94286
NA19703	AFR	AFR	1.0	410.323	-158.628	-11.6962	-14.8457	90.8141	78.6703	-44.0413	-4.56201
NA19704	AFR	AFR	1.0	413.094	-159.231	-14.5477	-12.4477	86.6556	80.2505	-37.9227	-1.02861
NA19705	AFR	AFR	1.0	423.837	-166.688	-13.5749	-14.4293	89.5091	83.8756	-39.7902	-4.62502
NA19707	AFR	AFR	1.0	345.367	-111.661	-11.4609	-12.324	74.5524	53.2587	-49.9592	-6.26893
NA19708	AFR	AFR	0.8121056343904821	317.537	-91.715	-15.7085	-15.9015	72.7079	54.3761	-54.4022	0.585229
NA19711	AFR	AFR	1.0	426.072	-175.172	-16.571	-19.189	92.2132	78.247	-40.5256	-5.96527
NA20128	AFR	AFR	1.0	393.839	-147.711	-9.44942	-17.4128	81.0972	63.2756	-47.979	1.52089
NA20129	AFR	AFR	1.0	354.634	-141.826	-22.7322	-14.3915	80.2134	60.7117	-41.9328	-4.31653
NA20274	Unknown	SAS	0.5827356746094959	56.7115	-88.6004	-145.977	0.297865	32.787	21.9981	-30.7043	-24.4419
NA20276	AFR	AFR	1.0	392.737	-142.897	-7.68724	-11.1518	82.8963	66.8439	-41.9809	2.75537
NA20277	AFR	AFR	1.0	405.69	-156.367	-13.0218	-13.3108	84.5899	69.0621	-41.8221	-3.91368
NA20278	Unknown	GME	0.6475804852920035	237.532	-3.81515	-13.0881	-14.9339	53.0923	20.1919	-71.6076	2.84217
NA20279	Unknown	AFR	0.3701605003684514	279.72	-47.6892	-12.7486	-15.1573	63.5046	35.0499	-63.6515	-2.14245
NA20281	AFR	AFR	1.0	404.41	-155.268	-9.86352	-16.2321	82.625	67.7321	-40.5058	-7.60058
NA20282	AFR	AFR	1.0	346.23	-112.607	-16.5641	-14.5141	72.2113	56.6419	-50.6877	-4.45618
NA20284	AFR	AFR	1.0	335.213	-99.176	-16.4163	-12.0436	67.6126	42.9562	-53.3706	-4.63751
NA20285	Unknown	GME	0.36666512291346365	277.317	-43.3475	-11.7195	-14.9161	61.0057	33.4757	-68.3197	-1.33892
NA20287	AFR	AFR	1.0	393.941	-152.421	-13.1867	-15.2599	87.1724	76.3006	-42.6138	-6.36161
NA20288	AFR	AFR	1.0	407.2	-160.692	-9.89056	-12.1199	89.5566	78.3729	-40.4968	-8.77339
NA20289	AFR	AFR	1.0	378.29	-128.132	-10.9488	-15.1525	84.3487	64.4463	-46.8305	-1.17379
NA20290	AFR	AFR	1.0	419.534	-172.234	-10.0445	-14.3573	93.4751	78.2046	-40.3299	-0.879279
NA20291	AFR	AFR	1.0	467.235	-208.482	-13.618	-16.6007	108.763	99.9934	-28.9112	-10.9494
NA20292	AFR	AFR	1.0	350.678	-118.421	-17.2496	-9.69713	82.4042	62.3222	-44.3592	-8.86512
NA20294	AFR	AFR	1.0	411.256	-163.73	-15.3628	-9.81366	88.0853	74.0893	-43.8348	-2.22932
NA20295	AFR	AFR	1.0	415.369	-168.187	-19.1188	-14.2055	85.8115	76.9938	-38.5817	-5.30401
NA20296	AFR	AFR	1.0	368.485	-132.607	-10.3757	-15.0442	82.1642	61.1655	-46.9919	-1.82773
NA20297	AFR	AFR	1.0	394.146	-154.219	-9.63556	-10.6861	87.8323	69.3358	-39.7843	-4.57989
NA20298	AFR	AFR	1.0	445.371	-196.473	-14.9188	-19.229	100.536	94.9824	-36.1179	-3.03558
NA20299	Unknown	SAS	0.7171285520896032	118.972	-123.301	-138.888	-2.62438	42.9756	34.7285	-28.4939	-35.9788
NA20300	AFR	AFR	0.7841393489445952	254.123	-152.433	-86.6013	-7.57175	65.4236	64.8272	-31.1599	-27.7153
NA20301	AFR	AFR	1.0	360.884	-126.164	-16.8831	-17.7721	76.2033	63.8584	-49.0757	-3.37024
NA20302	AFR	AFR	1.0	378.232	-136.766	-13.4659	-16.4617	78.3471	68.084	-47.3551	-6.19982
NA20312	AFR	AFR	1.0	408.693	-161.152	-14.111	-20.9993	90.0618	78.1257	-35.7867	-4.18175
NA20313	AFR	AFR	1.0	396.108	-154.44	-17.4304	-14.6521	84.0453	69.6029	-41.5268	-5.56682
NA20314	AMR	AMR	1.0	-117.414	-18.2511	-191.446	3.49033	8.50069	-11.6404	-31.853	-42.0787
NA20316	Unknown	SAS	0.7211480470944773	138.209	-78.0926	-104.241	-6.87041	43.938	27.0227	-36.9924	-27.0508
NA20317	AFR	AFR	1.0	346.909	-97.4921	-16.0524	-16.0244	75.7732	53.7717	-44.8305	-3.03429
NA20319	AFR	AFR	1.0	320.05	-107.583	-29.6118	-13.7465	79.4079	52.9433	-45.7036	-4.77761
NA20322	AFR	AFR	1.0	361.474	-117.281	-13.6946	-15.41	80.7046	62.4923	-47.2105	1.11173
NA20332	AFR	AFR	1.0	373.738	-132.913	-13.0355	-17.1813	80.0116	66.4451	-44.6764	2.44628
NA20333	AFR	AFR	1.0	401.495	-159.026	-13.4048	-16.5913	86.4317	74.1208	-38.415	-0.380711
NA20334	Unknown	AFR	0.6915238057331675	309.22	-71.3993	-12.8511	-13.4064	70.7836	44.72	-54.8567	-2.17529
NA20335	AFR	AFR	1.0	362.612	-119.521	-12.9668	-11.1877	81.0168	62.8285	-46.5384	-1.41
NA20336	Unknown	AFR	0.6633223422451187	297.686	-64.9179	-13.8519	-13.1865	66.4868	43.9698	-54.7431	1.8799
NA20337	AFR	AFR	1.0	348.943	-109.39	-14.3474	-9.58118	77.7815	60.3801	-43.696	2.82355
NA20339	AFR	AFR	1.0	409.553	-179.137	-29.5729	-11.1734	95.0457	82.8248	-36.8657	-8.13444
NA20340	AFR	AFR	1.0	404.142	-160.615	-12.9613	-17.5182	87.738	72.9638	-47.2721	-1.03504
NA20341	AFR	AFR	1.0	379.07	-136.941	-15.0111	-14.538	80.9087	73.5191	-50.0558	-2.20637
NA20342	Unknown	AFR	0.6499089315159088	291.788	-61.7212	-12.145	-17.1547	68.0708	40.069	-51.2856	0.61132
NA20343	AFR	AFR	1.0	343.934	-109.547	-11.8797	-18.4127	79.1988	56.7377	-49.3328	4.19387
NA20344	AFR	AFR	1.0	365.067	-122.801	-14.586	-16.0933	69.2775	57.7385	-53.1604	0.364024
NA20345	AFR	AFR	1.0	381.808	-134.872	-10.0497	-9.79571	76.3441	64.1036	-51.97	-1.56282
NA20346	AFR	AFR	1.0	395.593	-160.055	-12.1924	-14.168	89.9383	75.5487	-45.975	0.091861
NA20347	AFR	AFR	1.0	360.232	-121.157	-12.9647	-9.27156	80.9476	62.8493	-49.6851	0.0676083
NA20348	AFR	AFR	1.0	401.918	-156.428	-11.7008	-17.7629	88.0326	76.3577	-45.8071	-0.0333724
NA20349	AFR	AFR	1.0	352.229	-103.817	-14.0937	-14.2765	69.9821	51.8566	-54.7354	4.23645
HG00250	EUR	EUR	1.0	3.06761	199.0	-9.4412	-10.2818	11.2014	-39.0813	-91.5958	11.4966
HG00251	EUR	EUR	1.0	4.67444	200.512	-12.9417	-10.1852	9.86724	-40.7705	-92.0663	13.049
HG00252	EUR	EUR	1.0	4.45587	199.668	-7.34602	-18.4464	14.1904	-42.7861	-103.434	13.6541
HG00253	EUR	EUR	1.0	8.54182	202.963	-9.93947	-10.4929	16.7698	-49.4607	-99.3502	16.7388
HG00254	EUR	EUR	1.0	8.66938	198.745	-9.65057	-8.67962	14.3925	-43.1277	-92.7728	11.5188
HG00255	EUR	EUR	1.0	7.4361	198.981	-9.1111	-15.8071	9.25785	-40.0127	-95.1226	9.76346
HG00256	EUR	EUR	1.0	2.54551	201.031	-7.44662	-14.2441	11.2999	-41.9982	-101.624	13.3171
HG00257	EUR	EUR	1.0	7.43492	200.152	-14.7202	-12.6026	16.2169	-40.624	-93.11	12.6959
HG00258	EUR	EUR	1.0	6.19696	200.629	-5.27547	-15.3629	17.5754	-45.256	-95.0857	14.9862
HG00259	EUR	EUR	1.0	7.29919	202.97	-8.37888	-13.4682	11.5112	-40.7396	-99.0262	8.81615
HG00260	EUR	EUR	1.0	4.92718	201.557	-14.891	-11.418	13.7322	-42.2816	-97.9774	7.04706
HG00261	EUR	EUR	1.0	5.4203	201.825	-5.86231	-10.0321	18.5776	-45.7996	-95.3512	13.3101
HG00262	EUR	EUR	1.0	4.78504	203.121	-10.9135	-10.6246	9.75739	-40.7848	-94.1244	17.597
HG00263	EUR	EUR	1.0	3.72533	203.22	-8.78311	-9.66417	17.2342	-41.7915	-95.4889	8.40843
HG00264	EUR	EUR	1.0	5.70314	198.528	-14.289	-11.9921	16.2506	-42.4181	-101.141	7.97709
HG00265	EUR	EUR	1.0	5.81744	204.725	-10.1565	-10.4383	15.8421	-46.2882	-103.749	13.2234
HG00266	EUR	EUR	1.0	-13.3435	165.142	-12.9304	-14.527	5.49629	-38.4289	-112.202	3.80174
HG00267	EUR	EUR	1.0	-18.2095	162.982	-13.1645	-13.7964	1.673	-34.4018	-122.586	-0.568904
HG00268	EUR	EUR	1.0	-10.1616	173.123	-10.2706	-15.9578	8.0615	-33.5975	-117.77	4.45866
HG00269	EUR	EUR	1.0	-14.1942	166.879	-16.6604	-7.60753	0.494543	-28.1539	-118.18	7.06904
HG00270	EUR	EUR	1.0	-18.0901	171.933	-11.1139	-6.80447	7.27008	-33.2959	-118.889	0.879114
HG00271	EUR	EUR	1.0	-20.9169	154.25	-11.6832	-15.0855	2.13643	-33.1646	-120.206	2.96495
HG00272	EUR	EUR	1.0	-17.1176	156.564	-12.913	-11.994	0.259862	-26.2605	-112.695	2.70223
HG00273	EUR	EUR	1.0	-12.5083	169.339	-11.5965	-16.1457	8.22441	-38.3536	-111.008	0.684189
HG00274	EUR	EUR	1.0	-14.2611	174.987	-15.1098	-16.3171	6.57983	-42.1489	-114.794	2.70931
HG00275	EUR	EUR	1.0	-10.2858	173.652	-10.3794	-9.86834	5.45704	-34.2651	-116.8	12.2873
HG00276	EUR	EUR	1.0	-14.0203	162.982	-17.6812	-6.52405	1.36082	-34.61	-122.012	-1.5163
HG00277	EUR	EUR	1.0	-11.7518	178.598	-14.1953	-7.91124	4.46663	-35.395	-114.702	8.89525
HG00278	EUR	EUR	1.0	-14.7327	165.816	-17.5541	-7.98929	0.77483	-30.2899	-112.003	5.08702
HG00280	EUR	EUR	1.0	-15.4788	166.293	-12.7982	-10.0517	4.49885	-36.1156	-126.299	-2.354
HG00281	EUR	EUR	1.0	-18.7473	166.904	-19.2774	-10.2523	0.878137	-35.9812	-117.713	6.31293
HG00282	EUR	EUR	1.0	-15.2013	164.632	-8.66323	-12.445	1.83469	-33.1544	-121.296	5.89638
HG00284	EUR	EUR	1.0	-17.8277	167.013	-14.858	-12.513	0.759302	-33.2525	-118.566	10.42
HG00285	EUR	EUR	1.0	-17.9256	163.453	-13.1126	-18.5469	6.01948	-31.7243	-113.631	4.00772
HG00306	EUR	EUR	1.0	-12.1373	177.331	-13.6033	-10.3048	4.01988	-31.1519	-116.256	9.30489
HG00308	EUR	EUR	1.0	-15.9366	163.616	-9.43177	-13.8861	2.12852	-34.1568	-116.782	2.9664
HG00309	EUR	EUR	1.0	-14.5493	163.429	-18.216	-18.5149	1.23317	-30.7508	-119.227	-0.703064
HG00310	EUR	EUR	1.0	-11.9706	173.406	-13.2003	-13.4524	6.24083	-36.2624	-116.385	7.57695
HG00311	EUR	EUR	1.0	-10.5095	179.015	-14.1367	-14.3345	7.42282	-41.7226	-116.882	9.59518
HG00312	EUR	EUR	1.0	-11.9835	174.962	-14.2665	-12.1174	4.51116	-33.2979	-120.301	5.72379
HG00313	EUR	EUR	1.0	-18.0397	161.757	-12.576	-15.1087	5.33272	-35.0685	-119.757	1.80581
HG00315	EUR	EUR	1.0	-16.2696	164.911	-18.9603	-13.0528	4.49625	-36.1984	-115.941	5.41409
HG00318	EUR	EUR	1.0	-14.1812	173.301	-17.1555	-12.6185	7.07087	-33.5229	-116.278	6.91209
HG00319	EUR	EUR	1.0	-15.5779	164.213	-12.9719	-9.57858	3.55428	-31.3781	-116.25	2.08125
HG00320	EUR	EUR	1.0	-14.0294	169.883	-15.9698	-9.90311	10.7074	-39.1303	-112.771	-0.206618
HG00321	EUR	EUR	1.0	-19.6347	163.565	-16.9875	-8.8014	7.73974	-37.6346	-111.592	4.09751
HG00323	EUR	EUR	1.0	-17.5638	164.69	-10.4266	-15.153	3.64935	-38.1748	-123.158	-0.859845
HG00324	EUR	EUR	1.0	-14.3759	162.886	-15.7025	-14.1365	6.3147	-36.773	-123.035	-0.150345
HG00325	EUR	EUR	1.0	-24.0349	156.579	-13.4118	-13.8747	3.24357	-34.1775	-123.266	2.9106
HG00326	EUR	EUR	1.0	-14.3744	170.254	-17.9022	-15.8771	4.68735	-36.3028	-119.471	0.907928
NA20350	AFR	AFR	1.0	374.118	-133.362	-12.6534	-14.4399	79.6813	59.3073	-42.9606	3.83322
NA20351	AFR	AFR	0.8123468748103009	322.304	-87.081	-11.1616	-15.7657	64.536	44.2241	-48.3399	1.61361
NA20356	AFR	AFR	1.0	418.513	-166.952	-14.2781	-19.8289	90.8109	74.39	-35.3698	-0.0952695
NA20357	AFR	AFR	1.0	427.193	-179.777	-11.5825	-8.59914	90.1261	85.5706	-37.6147	-1.68017
NA20358	AFR	AFR	1.0	415.477	-169.737	-11.7254	-13.4386	91.4413	80.3821	-36.3664	0.055253
NA20359	AFR	AFR	1.0	361.944	-121.407	-15.6964	-16.5134	79.5868	64.0173	-52.5798	4.72807
NA20360	AFR	AFR	1.0	365.592	-120.209	-15.8648	-13.7718	77.7236	58.0752	-54.9806	-0.611852
NA20363	AFR	AFR	1.0	341.419	-100.377	-13.3346	-12.0941	70.8865	56.716	-49.7201	0.372871
NA20364	AFR	AFR	1.0	350.432	-116.514	-12.4883	-11.0213	76.1007	55.3406	-41.1298	3.67363
NA20412	AFR	AFR	1.0	361.871	-131.033	-22.7866	-16.9248	75.2742	64.4473	-52.0583	-1.68422
NA20413	AFR	AFR	1.0	416.337	-177.077	-18.4119	-14.8185	90.0353	74.0771	-44.2346	-2.84179
NA20414	Unknown	SAS	0.6917567642329098	58.6837	-71.5195	-138.579	1.677	30.1997	24.781	-38.1826	-20.26
NA20502	EUR	EUR	1.0	16.1893	207.12	3.36747	-15.1684	25.3625	-42.7923	-35.7348	12.2395
NA20503	EUR	EUR	1.0	15.3181	208.269	0.459926	-19.0573	23.2044	-48.3647	-33.1211	7.6958
NA20504	EUR	EUR	1.0	13.7548	201.897	1.17502	-11.9538	27.6251	-44.0299	-36.4752	8.67295
NA20505	EUR	EUR	1.0	22.6884	206.504	-0.057734	-14.3538	28.7412	-48.6566	-38.8629	9.36482
NA20506	EUR	EUR	1.0	12.1091	202.028	1.71405	-15.0628	19.3423	-40.988	-30.3185	7.87122
NA20507	EUR	EUR	1.0	18.7091	204.365	4.89725	-14.8102	20.8926	-41.0585	-40.9273	10.691
NA20508	EUR	EUR	1.0	18.5015	205.663	-1.76706	-15.3696	26.7226	-37.8255	-31.4794	6.81151
NA20509	EUR	EUR	1.0	18.7386	203.598	-6.69685	-15.5927	27.11	-45.0653	-36.5707	10.7261
NA20510	EUR	EUR	1.0	18.2625	201.083	0.96242	-12.3723	29.3026	-46.0709	-41.7903	0.312489
NA20511	EUR	EUR	1.0	15.1204	200.931	1.42213	-16.429	21.8297	-41.5628	-42.8301	5.82554
NA20512	EUR	EUR	1.0	15.6337	205.142	2.40844	-16.4646	30.4839	-50.2279	-38.0249	1.81011
NA20513	EUR	EUR	1.0	18.3002	201.177	2.71652	-16.2162	23.5518	-43.396	-26.4521	5.13306
NA20514	EUR	EUR	1.0	13.7171	203.089	2.79034	-13.6096	24.0405	-44.4555	-32.3553	9.99837
NA20515	EUR	EUR	1.0	13.0374	204.686	-0.0403481	-15.7519	28.3731	-46.7359	-41.1001	7.57677
NA20516	EUR	EUR	1.0	12.2779	202.944	5.9231	-13.2356	25.242	-46.7882	-35.5153	11.1102
NA20517	EUR	EUR	1.0	16.3242	206.027	-1.49189	-15.6771	28.5849	-49.5106	-40.0935	6.20572
NA20518	EUR	EUR	1.0	17.4864	206.053	-3.24946	-16.8409	25.8173	-44.6893	-42.3609	13.8513
NA20519	EUR	EUR	1.0	17.6948	202.829	2.1672	-13.1603	30.5875	-46.5751	-36.3925	3.85956
NA20520	EUR	EUR	1.0	17.56	203.899	8.81615	-13.0031	26.5751	-46.5516	-36.4337	6.44745
NA20521	EUR	EUR	1.0	22.1116	209.439	2.57722	-9.50092	27.2906	-45.5685	-32.4907	3.92812
NA20522	EUR	EUR	1.0	15.7655	201.916	-2.64266	-10.4438	24.8441	-47.3014	-35.6985	15.9521
NA20524	EUR	EUR	1.0	13.555	203.865	4.36395	-15.9696	27.3594	-47.5278	-43.5611	5.15215
NA20525	EUR	EUR	1.0	21.0048	206.793	6.68974	-13.2196	28.1032	-45.955	-35.1579	11.4919
NA20526	EUR	EUR	1.0	13.2514	203.143	-0.512832	-13.7468	24.2511	-45.4344	-38.0881	5.31361
NA20527	EUR	EUR	1.0	14.5751	203.968	-3.63397	-13.878	31.5167	-53.1674	-38.026	7.92282
NA20528	EUR	EUR	1.0	14.9526	200.879	3.9692	-17.0262	24.021	-39.3998	-41.0007	8.2049
NA20529	EUR	EUR	1.0	21.9578	204.634	0.693224	-17.4043	28.2186	-49.7703	-30.5264	7.40098
NA20530	EUR	EUR	1.0	17.7327	205.071	1.24727	-19.5829	27.9477	-47.3403	-41.1313	8.46718
NA20531	EUR	EUR	1.0	18.2437	205.618	4.73703	-13.4316	24.7566	-48.4205	-35.3932	4.71028
NA20532	EUR	EUR	1.0	16.6623	201.149	0.861026	-15.6039	27.4461	-46.5239	-33.1264	7.66694
NA20533	EUR	EUR	1.0	17.8796	207.52	-1.9556	-14.4161	25.8655	-43.137	-40.5137	8.90509
NA20534	EUR	EUR	1.0	18.2872	204.626	-1.31289	-13.1224	25.2275	-43.9862	-30.8724	12.0682
NA20535	EUR	EUR	1.0	17.8939	205.095	-1.82197	-13.0853	29.5122	-51.2377	-42.1426	14.8492
NA20536	EUR	EUR	1.0	17.5743	203.52	-1.78426	-20.7859	26.0926	-45.7669	-32.5075	6.8362
NA20537	EUR	EUR	1.0	24.6662	211.183	0.951146	-14.5122	33.568	-46.284	-29.6058	5.49932
NA20538	EUR	EUR	1.0	20.536	202.062	0.388195	-16.2983	28.7396	-49.4144	-36.0837	0.338265
NA20539	EUR	EUR	1.0	22.8439	206.165	-0.518607	-16.2068	23.8155	-46.1152	-38.1677	6.63491
NA20540	EUR	EUR	1.0	18.071	207.212	-1.65651	-15.8723	25.1437	-48.3472	-43.1666	4.10228
NA10854	EUR	EUR	1.0	5.06997	193.652	-7.45892	-13.473	14.9733	-39.6222	-104.096	12.4056
NA10855	EUR	EUR	1.0	9.15575	199.418	-7.14801	-10.8809	17.3953	-45.8249	-95.9561	12.4806
NA10856	EUR	EUR	1.0	4.37563	195.517	-10.1345	-8.11802	12.3536	-37.5431	-102.201	6.1595
NA10857	EUR	EUR	1.0	4.03351	203.009	-8.85922	-16.312	15.4446	-44.9812	-99.6975	11.1972
NA10859	EUR	EUR	1.0	4.51533	198.152	-12.3019	-16.8014	11.8854	-38.7876	-99.2026	11.8388
NA10860	EUR	EUR	1.0	13.0257	197.814	-11.1499	-14.9037	14.5693	-44.4809	-96.0665	13.6896
NA10861	EUR	EUR	1.0	9.98708	199.039	-12.64	-14.0207	14.1709	-43.4312	-102.64	14.4937
NA10863	EUR	EUR	1.0	5.60788	202.155	-8.31273	-9.91701	11.5804	-38.6238	-86.8841	10.5551
NA10864	EUR	EUR	1.0	2.92483	202.605	-10.7624	-13.3846	16.2384	-41.0194	-100.708	7.85844
NA10865	EUR	EUR	1.0	2.71299	199.437	-12.4959	-12.674	11.5583	-40.0405	-91.8704	13.2984
NA11829	EUR	EUR	1.0	2.68944	197.748	-11.6287	-9.26845	14.7202	-39.2224	-102.925	5.53409
NA11830	EUR	EUR	1.0	5.68476	198.381	-7.69798	-8.98243	12.0013	-43.0179	-101.503	9.68511
NA11831	EUR	EUR	1.0	7.97583	197.311	-10.1656	-8.23914	14.0223	-45.2602	-98.0771	11.3465
NA11832	EUR	EUR	1.0	9.68819	202.746	-3.5569	-8.67167	15.2811	-42.142	-85.9731	12.9672
NA11839	EUR	EUR	1.0	6.81925	197.063	-2.06323	-13.2704	14.3474	-40.3501	-98.8778	4.35294
NA11840	EUR	EUR	1.0	0.402492	192.002	-12.9364	-10.4252	16.9616	-41.4262	-110.539	13.756
NA11843	EUR	EUR	1.0	4.53876	199.503	-11.1981	-9.33568	9.43425	-42.0099	-91.447	13.4016
NA11881	EUR	EUR	1.0	6.87295	200.459	-8.27568	-18.0866	11.1391	-38.191	-96.6225	9.3161
NA11882	EUR	EUR	1.0	6.95938	200.508	-10.5162	-9.92274	15.088	-43.4744	-95.588	14.3334
NA11891	EUR	EUR	1.0	3.16975	200.576	-12.4531	-15.9099	10.6822	-37.5222	-91.2725	6.79027
NA11892	EUR	EUR	1.0	5.6112	199.985	-8.91547	-10.8018	15.5936	-44.5908	-88.3001	14.3989
NA11893	EUR	EUR	1.0	0.695299	199.245	-9.72335	-10.777	14.9647	-41.3389	-94.3972	6.70423
NA11894	EUR	EUR	1.0	8.94539	200.638	-11.4418	-13.5264	15.6324	-41.6729	-101.36	11.371
NA11917	EUR	EUR	1.0	6.7148	197.098	-10.7853	-9.18466	7.0015	-35.2618	-99.5726	13.7061
NA11918	EUR	EUR	1.0	-0.161549	197.795	-11.9822	-11.0849	18.645	-42.6854	-93.5717	9.14842
NA11919	EUR	EUR	1.0	7.67925	201.562	-11.0256	-8.72841	8.38834	-37.1336	-94.022	6.556
NA11920	EUR	EUR	1.0	8.00902	204.752	-8.90555	-15.4411	12.3087	-40.4902	-96.2674	11.5975
NA11930	EUR	EUR	1.0	4.60383	193.941	-10.8909	-14.8922	15.3728	-37.6075	-85.8414	14.7673
NA11931	EUR	EUR	1.0	5.82484	198.752	-11.3689	-12.2885	14.8371	-44.3702	-101.188	14.6259
NA11932	EUR	EUR	1.0	11.1407	202.981	-10.4289	-8.83634	14.1847	-44.7048	-89.2019	13.5146
NA11933	EUR	EUR	1.0	8.51766	202.889	-9.9805	-13.3703	13.1481	-45.6554	-92.8198	18.4784
NA11992	EUR	EUR	1.0	12.4092	203.65	-10.5601	-11.046	13.8935	-44.1488	-92.7908	10.3156
NA11993	EUR	EUR	1.0	12.5081	198.417	-12.6105	-14.9801	15.4383	-47.5094	-102.831	13.9377
NA11994	EUR	EUR	1.0	3.95633	195.589	-14.0763	-12.2802	16.7021	-43.4486	-100.637	11.5328
NA11995	EUR	EUR	1.0	13.8515	208.746	-8.01937	-12.6372	11.3804	-43.8111	-99.8374	10.1937
NA12003	EUR	EUR	1.0	-0.317805	190.307	-12.9258	-10.7179	10.6654	-41.0637	-107.15	13.8097
NA12004	EUR	EUR	1.0	10.6565	198.888	-2.69177	-13.0778	15.944	-42.6742	-92.1928	12.2547
NA12005	EUR	EUR	1.0	6.61647	206.394	-12.4554	-16.3039	11.97	-40.1357	-101.212	7.7746
NA12006	EUR	EUR	1.0	4.78679	199.786	-16.8963	-12.4204	15.849	-46.0877	-98.2055	15.1373
NA12043	EUR	EUR	1.0	2.32513	203.435	-6.71014	-8.24547	14.7021	-42.3224	-96.6001	13.5166
NA12044	EUR	EUR	1.0	6.59198	203.239	-11.2426	-16.8962	14.7622	-42.3342	-104.56	4.4265
NA12045	EUR	EUR	1.0	5.48433	197.992	-12.6428	-15.3185	15.3209	-48.5897	-95.1242	12.5461
NA12046	EUR	EUR	1.0	1.01099	194.001	-10.9903	-16.2824	17.976	-44.2433	-91.9205	13.4626
NA12056	EUR	EUR	1.0	4.8825	200.483	-12.5847	-11.365	19.8422	-48.1807	-103.25	17.9002
NA12057	EUR	EUR	1.0	7.58749	198.512	-11.4783	-15.1812	15.9182	-45.3477	-111.093	10.1973
NA12058	EUR	EUR	1.0	8.33594	205.853	-11.2422	-20.1353	6.22852	-41.3433	-97.7838	10.9398
NA12144	EUR	EUR	1.0	6.95565	201.545	-5.53718	-12.5738	16.614	-40.1953	-76.4947	5.61743
NA12145	EUR	EUR	1.0	10.0132	203.419	-8.29368	-14.1285	12.7273	-44.7231	-92.5932	12.8974
NA12146	EUR	EUR	1.0	10.6143	200.282	-11.9108	-16.7037	14.2706	-42.8634	-98.0551	6.66991
NA12154	EUR	EUR	1.0	4.76784	201.239	-8.95393	-11.2638	12.4744	-40.9425	-97.7322	12.0614
HG00610	EAS	EAS	1.0	-195.641	-201.396	92.88	-52.8102	11.5488	-12.852	12.9695	25.9234
HG00611	EAS	EAS	1.0	-197.271	-198.642	87.9492	-51.6	10.7184	-11.228	13.4513	23.0505
HG00612	EAS	EAS	1.0	-194.689	-198.207	91.8296	-50.3387	11.4265	-11.5317	13.3727	26.4449
HG00613	EAS	EAS	1.0	-197.482	-199.411	92.0794	-51.3796	8.0135	-9.51044	10.2258	27.8096
HG00614	EAS	EAS	1.0	-194.182	-199.701	98.5952	-49.7282	7.73519	-9.83259	8.42214	28.711
HG00615	EAS	EAS	1.0	-196.785	-202.517	93.8877	-46.7049	7.89873	-10.4889	9.34403	27.1728
HG00619	EAS	EAS	1.0	-196.403	-198.758	92.8113	-51.4133	15.0322	-14.3316	10.8573	22.1735
HG00620	EAS	EAS	1.0	-199.163	-198.863	95.3639	-51.2131	6.39194	-12.3696	17.1647	22.7061
HG00621	EAS	EAS	1.0	-198.029	-198.93	92.776	-52.3285	9.46447	-13.2787	12.6214	18.7328
HG00625	EAS	EAS	1.0	-192.64	-197.1	97.0924	-45.9888	11.2675	-9.97821	14.45	35.9331
HG00626	EAS	EAS	1.0	-201.541	-201.018	99.2034	-53.1344	13.0579	-14.019	15.3975	21.3928
HG00627	EAS	EAS	1.0	-196.653	-200.48	98.3948	-51.7517	9.83739	-12.6761	14.8144	26.0074
HG00628	EAS	EAS	1.0	-194.073	-199.287	90.2832	-51.2707	16.758	-16.3849	10.5926	25.3458
HG00629	EAS	EAS	1.0	-196.479	-199.062	90.7412	-52.5407	7.46402	-10.8856	9.59579	25.5115
HG00630	EAS	EAS	1.0	-194.206	-199.752	90.9798	-50.9298	14.2848	-14.9619	10.5479	22.3369
HG00634	EAS	EAS	1.0	-196.216	-198.716	98.5527	-51.5001	10.2502	-9.061	12.1343	29.6911
HG00635	EAS	EAS	1.0	-198.003	-195.772	89.7457	-53.5253	9.52104	-10.1547	12.9989	26.2348
HG00636	EAS	EAS	1.0	-199.232	-196.684	94.9074	-55.6159	9.82174	-7.96747	15.2388	30.6908
HG00637	EUR	EUR	0.7928651098700995	51.4869	93.6064	-42.493	-6.61049	44.9248	-26.4994	-43.5237	3.30244
HG00638	GME	GME	1.0	66.2341	85.2065	-55.6832	-8.96481	46.86	-26.2852	-34.4737	4.45322
HG00639	Unknown	EUR	0.5957516011687161	55.8534	96.9986	-45.4407	-7.99018	41.6261	-27.6598	-40.7019	7.70723
HG00640	EUR	EUR	1.0	23.7909	136.188	-32.4093	-11.7783	32.4931	-32.9681	-44.5797	7.94582
HG00641	EUR	EUR	1.0	19.6558	113.658	-57.3006	-10.7375	37.9344	-34.7468	-36.2247	2.788
HG00642	EUR	EUR	1.0	22.3581	128.73	-42.1976	-10.6998	34.4033	-36.1558	-39.9419	1.62137
HG00650	EAS	EAS	1.0	-196.278	-197.422	95.8085	-47.7837	4.89704	-5.98731	13.0952	38.494
HG00651	EAS	EAS	1.0	-197.637	-200.481	90.1056	-48.7157	10.7685	-15.769	17.2894	31.1805
HG00652	EAS	EAS	1.0	-199.422	-200.318	89.9805	-51.3457	8.85696	-12.2608	13.4159	34.6036
HG00653	EAS	EAS	1.0	-194.268	-195.761	95.0301	-55.1312	8.62085	-6.24612	19.7543	33.8614
HG00654	EAS	EAS	1.0	-194.814	-196.47	95.4517	-50.9241	11.0182	-9.85578	14.5607	32.7863
HG00655	EAS	EAS	1.0	-194.759	-201.338	92.9183	-51.5829	11.1481	-6.59385	20.1087	34.966
HG00656	EAS	EAS	1.0	-192.581	-200.969	96.2792	-42.5723	15.0921	-10.6909	21.8362	30.8178
HG00657	EAS	EAS	1.0	-196.095	-196.959	94.4342	-48.0237	7.82526	-9.8286	12.5903	26.2386
HG00658	EAS	EAS	1.0	-193.996	-201.496	98.7338	-47.7946	11.7349	-11.0646	20.9489	27.9617
HG00662	EAS	EAS	1.0	-194.447	-197.479	91.7637	-49.0768	11.5412	-12.8844	12.9108	28.294
HG00663	EAS	EAS	1.0	-196.815	-197.135	91.6304	-49.8905	9.42995	-14.1242	13.8082	26.9274
HG00664	EAS	EAS	1.0	-197.566	-197.11	92.966	-50.5099	12.3259	-15.7591	11.5382	27.2232
HG00671	EAS	EAS	1.0	-194.864	-198.804	97.1515	-47.3733	5.99693	-9.6244	13.7202	29.1789
HG00672	EAS	EAS	1.0	-197.0	-200.191	93.0323	-43.0084	13.2223	-12.3964	15.5016	34.4994
HG00673	EAS	EAS	1.0	-198.453	-199.604	98.2298	-41.7395	8.03781	-11.3761	13.3041	30.6114
HG00683	EAS	EAS	1.0	-196.232	-196.392	91.5702	-44.5712	9.14209	-11.5991	18.7074	28.75
HG00684	EAS	EAS	1.0	-193.976	-198.229	95.2384	-47.4229	10.5223	-8.02685	16.3471	31.8071
HG00685	EAS	EAS	1.0	-197.463	-198.638	89.016	-46.8874	8.57859	-9.798	23.4467	28.7167
HG00689	EAS	EAS	1.0	-198.107	-200.065	94.781	-52.6778	12.6434	-11.8464	18.6206	33.3089
HG00690	EAS	EAS	1.0	-193.254	-195.918	93.238	-47.5482	11.9627	-11.7811	15.4358	29.8127
HG00691	EAS	EAS	1.0	-195.677	-196.723	95.3326	-52.1132	13.4081	-11.7465	16.1942	29.7863
HG00692	EAS	EAS	1.0	-195.487	-194.312	90.1357	-44.1874	9.1684	-8.254	11.4357	35.8545
HG00693	EAS	EAS	1.0	-198.226	-195.894	93.1877	-48.1842	11.7288	-9.07252	16.9461	34.2738
HG00694	EAS	EAS	1.0	-197.637	-194.901	92.9873	-43.012	11.4725	-6.61437	15.0021	34.6166
HG00698	EAS	EAS	1.0	-193.734	-199.18	95.0233	-46.5054	14.3439	-12.7499	16.4378	33.8046
HG00699	EAS	EAS	1.0	-193.272	-201.862	92.3694	-51.9919	11.4449	-8.67286	19.2683	35.601
NA18634	EAS	EAS	1.0	-197.238	-200.662	87.9772	-51.7504	11.2074	-8.97161	11.3603	23.0571
NA18635	EAS	EAS	1.0	-195.724	-193.956	88.1157	-54.3341	12.8321	-13.0213	4.87301	3.1026
NA18636	EAS	EAS	1.0	-191.212	-197.783	98.2429	-53.3295	10.4137	-12.1721	13.077	30.0675
NA18637	EAS	EAS	1.0	-194.437	-200.191	92.7225	-52.363	9.70149	-12.7202	11.1126	22.7318
NA18638	EAS	EAS	1.0	-192.536	-195.437	91.247	-57.5415	10.7316	-7.53174	12.5647	22.8979
NA18639	EAS	EAS	1.0	-195.783	-198.642	96.5017	-43.4712	9.71704	-6.93352	11.8406	25.376
NA18640	EAS	EAS	1.0	-196.541	-195.83	86.0258	-52.5248	12.3935	-6.31911	15.6134	13.0186
NA18641	EAS	EAS	1.0	-195.334	-201.09	83.0402	-52.9396	17.566	-13.7977	11.8487	9.78235
NA18642	EAS	EAS	1.0	-186.785	-183.899	79.6948	-52.7891	8.53779	-7.3105	5.22096	10.1612
NA18643	EAS	EAS	1.0	-196.323	-196.408	85.8701	-52.6361	11.2289	-12.7486	4.69003	11.1139
NA18644	EAS	EAS	1.0	-197.497	-197.749	93.8217	-55.4794	13.1283	-12.5622	8.3452	21.9949
NA18645	EAS	EAS	1.0	-197.554	-203.037	90.4718	-54.3259	12.0497	-8.8525	16.7966	22.5703
NA18646	EAS	EAS	1.0	-197.204	-194.112	86.755	-55.4413	6.94187	-8.17165	7.19096	15.3224
NA18647	EAS	EAS	1.0	-192.787	-186.317	83.5705	-54.196	6.29002	-7.07754	8.00382	6.45183
NA18648	EAS	EAS	1.0	-190.943	-188.226	82.8177	-57.0797	8.00386	-10.5646	4.13903	7.30358
NA18670	EAS	EAS	1.0	-194.603	-196.274	94.2137	-54.3163	10.8417	-10.668	11.4529	23.1686
NA18740	EAS	EAS	1.0	-195.62	-200.778	88.7757	-50.8604	8.46746	-11.5411	12.7485	32.0973
NA18745	EAS	EAS	1.0	-201.257	-198.28	87.3385	-57.4008	11.4852	-13.9986	6.63964	10.2397
NA18747	EAS	EAS	1.0	-196.726	-195.302	89.709	-52.077	11.2306	-10.7138	7.04917	21.0009
NA18748	EAS	EAS	1.0	-197.391	-199.572	94.3838	-50.1556	10.8599	-10.751	7.94784	23.4818
NA18749	EAS	EAS	1.0	-195.654	-194.156	85.0206	-49.1831	8.71728	-8.20465	6.20184	10.7884
NA18757	EAS	EAS	1.0	-197.337	-194.249	84.5294	-51.4259	13.5136	-16.9794	4.86667	9.89202
NA18791	EAS	EAS	1.0	-192.911	-194.509	78.7794	-55.8779	10.0558	-8.65984	5.03699	8.69848
NA18794	EAS	EAS	1.0	-191.137	-196.246	97.63	-44.1565	11.2525	-9.74779	13.5771	41.7108
NA18795	EAS	EAS	1.0	-197.143	-196.659	93.7725	-56.0465	15.7582	-15.817	10.5483	23.8927
NA18852	AFR	AFR	1.0	483.49	-220.365	-15.9483	-15.8754	116.66	108.454	-37.0068	-10.0915
NA18853	AFR	AFR	1.0	492.155	-222.819	-13.4288	-16.5628	119.967	113.218	-31.6243	-8.60487
NA18854	AFR	AFR	1.0	489.827	-222.315	-14.2395	-16.6207	117.941	112.35	-29.3032	-4.39169
NA18855	AFR	AFR	1.0	486.1	-221.751	-14.1337	-20.3428	120.23	111.413	-29.8836	-9.57804
NA18856	AFR	AFR	1.0	487.334	-223.855	-13.7604	-15.6394	120.076	116.354	-39.8934	-10.3346
NA18857	AFR	AFR	1.0	488.823	-223.377	-13.0632	-17.0047	119.421	114.401	-33.3197	-7.98739
NA18858	AFR	AFR	1.0	487.733	-225.638	-13.5281	-17.288	119.139	111.775	-39.1277	-8.37302
NA18859	AFR	AFR	1.0	489.933	-226.394	-13.1905	-20.3989	116.677	111.537	-32.2783	-5.9019
NA18860	AFR	AFR	1.0	488.016	-228.035	-9.44194	-18.638	117.465	108.024	-37.1493	-7.38035
NA18861	AFR	AFR	1.0	485.666	-224.591	-12.6418	-17.5873	112.263	112.414	-30.8054	-14.684
NA18862	AFR	AFR	1.0	485.819	-223.479	-12.4282	-15.1926	118.715	115.477	-37.0807	1.91598
NA18863	AFR	AFR	1.0	484.418	-223.372	-12.2716	-16.5284	114.293	112.744	-33.3491	-7.8924
NA18864	AFR	AFR	1.0	485.588	-224.696	-14.2964	-16.0308	113.638	108.803	-35.941	-3.3976
NA18865	AFR	AFR	1.0	486.974	-221.463	-12.002	-18.1776	117.016	116.748	-32.4136	-7.29148
NA18867	AFR	AFR	1.0	484.32	-224.563	-12.7026	-16.5373	108.191	108.318	-33.0928	-5.46647
NA18868	AFR	AFR	1.0	487.481	-223.922	-15.5545	-18.7824	117.631	109.666	-33.6101	3.5518
NA18869	AFR	AFR	1.0	488.081	-225.413	-16.8761	-18.4039	112.523	110.941	-32.0207	-9.92108
NA18870	AFR	AFR	1.0	495.744	-224.437	-12.2003	-17.719	122.381	111.074	-35.2382	-6.31494
NA18871	AFR	AFR	1.0	497.206	-231.247	-17.9193	-15.6361	119.252	118.896	-43.1246	1.76846
NA18872	AFR	AFR	1.0	497.555	-227.209	-14.5887	-13.6808	123.497	115.434	-41.4993	3.12125
NA18873	AFR	AFR	1.0	484.611	-223.261	-11.9567	-15.9229	112.117	109.859	-26.621	-8.35531
NA18874	AFR	AFR	1.0	485.303	-222.019	-13.5492	-13.9833	117.651	104.859	-30.9405	-12.3647
NA18875	AFR	AFR	1.0	485.106	-222.41	-11.9878	-14.6951	114.973	108.23	-28.5001	-16.0632
NA18876	AFR	AFR	1.0	483.932	-218.483	-12.8741	-16.7363	109.189	104.467	-30.8809	-14.1213
NA18877	AFR	AFR	1.0	487.054	-222.103	-17.1046	-14.2421	115.313	109.589	-34.6975	-11.697
NA19381	AFR	AFR	1.0	445.286	-194.961	-8.04965	-9.49981	69.4759	64.9883	-11.3087	-8.67685
NA19382	AFR	AFR	1.0	444.944	-196.727	-8.09766	-11.9309	66.2564	64.8732	-11.221	-3.96119
NA19383	AFR	AFR	1.0	448.976	-199.835	-11.0968	-11.7744	67.1685	61.9434	-8.09398	-11.3952
NA19384	AFR	AFR	1.0	469.828	-209.696	-12.0586	-16.5509	82.0365	81.5797	-16.1485	-13.2738
NA19385	AFR	AFR	1.0	449.646	-197.806	-8.35503	-12.2183	60.3857	58.7388	-4.29441	-10.422
NA19390	AFR	AFR	1.0	450.423	-204.1	-10.51	-13.4358	70.8855	60.6297	-9.69345	-8.36487
NA19391	AFR	AFR	1.0	466.488	-210.354	-11.2801	-15.3145	61.7639	68.6555	-14.8834	-2.34197
NA19393	AFR	AFR	1.0	455.565	-203.255	-8.69189	-13.4421	71.6571	63.0108	-6.21115	-5.41457
NA19394	AFR	AFR	1.0	456.095	-202.849	-9.84699	-13.5978	67.5759	65.0856	-6.99303	-11.1397
NA19395	AFR	AFR	1.0	447.273	-197.225	-7.10411	-11.1641	60.8024	56.3	-8.58516	-13.8354
NA19396	AFR	AFR	1.0	460.182	-207.173	-8.9739	-12.849	67.742	66.8023	-11.1672	-9.58339
NA19397	AFR	AFR	1.0	458.604	-203.911	-9.60057	-11.4835	70.5427	69.7454	-14.6813	-5.55668
NA19398	AFR	AFR	1.0	456.358	-203.403	-9.2288	-12.9162	64.2639	67.6213	-8.01096	-6.40028
NA19399	AFR	AFR	1.0	466.988	-210.031	-10.8186	-14.2037	61.696	65.5334	-16.5316	-10.7698
NA19401	AFR	AFR	1.0	446.008	-197.249	-8.56415	-11.1506	66.4788	61.8587	-9.9643	0.139331
NA19403	AFR	AFR	1.0	447.572	-192.689	-8.42775	-14.6111	72.4692	72.3367	-10.7897	-12.5573
NA19404	AFR	AFR	1.0	455.589	-202.195	-11.365	-16.2452	76.7313	76.5547	-11.0908	-1.83652
NA19428	AFR	AFR	1.0	455.969	-203.009	-12.382	-17.733	71.0527	68.4405	-9.9085	-13.8441
NA19429	AFR	AFR	1.0	457.054	-206.458	-9.66251	-14.4662	69.1609	65.3774	-11.201	-9.0728
NA19430	AFR	AFR	1.0	457.672	-200.526	-12.4102	-11.6901	68.8023	65.5488	-11.7039	-11.483
NA19431	AFR	AFR	1.0	462.818	-209.936	-10.3331	-14.3197	75.3533	70.4732	-14.8627	-12.1986
NA19432	AFR	AFR	1.0	453.292	-202.898	-13.1337	-13.0352	67.684	61.791	-9.13383	-14.762
NA19434	AFR	AFR	1.0	450.658	-200.528	-10.7084	-12.8668	69.0692	61.2367	-3.11315	-13.8618
NA19435	AFR	AFR	1.0	445.16	-196.753	-9.31703	-11.5153	59.9641	63.4652	-6.62061	0.0506775
NA19436	AFR	AFR	1.0	453.796	-206.018	-11.0953	-14.1118	74.6499	71.2887	-14.4589	-9.57916
NA19437	AFR	AFR	1.0	442.986	-193.488	-10.8496	-12.0196	66.9863	60.6527	-3.77607	-12.6925
NA19438	AFR	AFR	1.0	459.827	-209.402	-8.87645	-11.1903	67.7716	71.5398	-14.8404	-5.89812
NA19439	AFR	AFR	1.0	454.407	-203.172	-12.4322	-18.6868	72.6209	71.746	-8.64655	-8.28073
NA19440	AFR	AFR	1.0	457.634	-202.514	-9.18157	-17.0761	77.1789	71.3507	-11.6911	-4.87341
NA19443	AFR	AFR	1.0	449.328	-200.538	-13.1678	-11.2984	63.6216	64.0477	-15.2434	-5.81584
NA19444	AFR	AFR	1.0	449.248	-200.258	-12.8675	-12.3582	69.6918	58.1817	-0.517202	-12.4016
NA19445	AFR	AFR	1.0	453.905	-204.017	-7.9838	-14.3127	78.0209	70.5358	-9.25501	-5.24794
NA19446	AFR	AFR	1.0	458.614	-202.196	-11.576	-14.0316	77.2186	75.7173	-18.1008	-12.695
NA19448	AFR	AFR	1.0	451.821	-199.886	-7.63769	-12.8217	67.2545	61.9248	-3.54673	-14.7013
NA19449	AFR	AFR	1.0	456.009	-206.498	-11.3455	-11.5326	64.4997	61.9216	-9.74339	-7.91428
NA19451	AFR	AFR	1.0	457.229	-203.74	-12.801	-16.4912	77.599	71.1518	-12.0336	-9.17643
NA19452	AFR	AFR	1.0	447.87	-196.835	-4.13717	-10.9482	67.8267	60.2354	-1.2669	-12.2625
NA19453	AFR	AFR	1.0	449.454	-200.852	-6.81456	-14.9539	72.8258	68.8638	-2.1512	-7.40764
NA19454	AFR	AFR	1.0	455.375	-200.1	-10.8739	-14.8421	72.4657	68.0206	-13.7018	-4.21081
NA19455	AFR	AFR	1.0	449.43	-198.655	-7.35592	-11.6711	65.2099	59.1541	-4.26026	-13.625
NA19456	AFR	AFR	1.0	457.048	-208.895	-13.9095	-14.1187	67.3081	65.8144	-10.261	-13.9863
NA19457	AFR	AFR	1.0	459.354	-203.691	-8.98817	-11.2435	64.7302	63.326	-4.45286	-9.16206
NA19461	AFR	AFR	1.0	454.465	-198.617	-10.9219	-11.7605	71.6439	66.8941	-9.2858	-12.0767
NA19462	AFR	AFR	1.0	464.73	-212.753	-11.1985	-10.5055	74.8997	68.8101	-10.9815	-10.7886
NA19463	AFR	AFR	1.0	448.698	-194.577	-12.1833	-14.4388	68.5748	65.1594	-3.92283	-4.28497
NA19466	AFR	AFR	1.0	449.523	-198.459	-7.00803	-17.0644	70.1255	68.1956	-10.3953	-6.33381
NA19467	AFR	AFR	1.0	447.404	-198.27	-11.2137	-12.8395	75.0513	67.9524	-8.0812	-10.8803
NA19468	AFR	AFR	1.0	453.337	-204.141	-10.7138	-16.8947	68.3222	67.8707	-6.92617	-1.12839
NA19469	AFR	AFR	1.0	453.732	-201.236	-9.47571	-14.6563	65.4594	64.2807	-6.39037	-3.85956
NA19470	AFR	AFR	1.0	452.898	-201.374	-9.56716	-12.7382	68.0005	68.4795	-10.8059	-1.04181
